-0.002075,-0.002035,0.002076,-0.001044,-0.004694,0.001582,-0.002932,-0.016024,0.025773,0.265136,-0.926824,0.026373,-0.115801,-0.045117,-0.053249,-0.021041,0.017295,0.001388,-0.003478,0.223607
0.022116,-0.035088,-0.068383,-0.082790,-0.114952,-0.234024,-0.020989,-0.200954,0.885702,-0.143098,0.061859,-0.002811,-0.116519,-0.043700,-0.054011,-0.021077,0.017419,0.001356,-0.003478,0.223607
0.253552,-0.296758,-0.546117,-0.214701,-0.387380,-0.388339,-0.098124,0.093889,-0.314289,-0.122718,0.029796,-0.001911,-0.116912,-0.043770,-0.054026,-0.021037,0.017432,0.001362,-0.003477,0.223607
0.438992,-0.270605,-0.251301,0.415299,0.165619,0.614232,-0.020091,-0.003974,0.078618,-0.128110,0.038958,-0.002441,-0.116609,-0.043716,-0.054015,-0.021068,0.017422,0.001357,-0.003478,0.223607
0.428300,0.211941,0.495123,0.454375,-0.013834,-0.441662,-0.137011,0.046822,-0.133399,-0.125115,0.033161,-0.002068,-0.116932,-0.043741,-0.054012,-0.021021,0.017428,0.001361,-0.003478,0.223607
0.145891,0.628567,0.067082,-0.303434,-0.472165,0.400664,0.111986,0.042455,-0.046510,-0.127821,0.037495,-0.002006,-0.117099,-0.043902,-0.054046,-0.021047,0.017431,0.001362,-0.003479,0.223607
-0.361091,0.508437,-0.474015,0.226231,0.380742,-0.108600,-0.294491,-0.006205,-0.074731,-0.125507,0.033868,-0.001395,-0.116743,-0.043817,-0.054007,-0.021062,0.017425,0.001356,-0.003477,0.223607
-0.580357,-0.201197,0.079171,0.459626,-0.416729,0.036526,0.339234,0.162035,-0.045283,-0.127436,0.036322,-0.007865,-0.116565,-0.043698,-0.054034,-0.021034,0.017446,0.001357,-0.003475,0.223607
-0.253524,-0.263065,0.314295,-0.179711,-0.086927,0.194768,-0.623248,-0.427265,-0.170495,-0.129070,0.046408,0.037684,-0.118724,-0.043116,-0.054248,-0.021091,0.017430,0.001348,-0.003470,0.223607
-0.078064,-0.145096,0.199044,-0.292183,0.235945,0.060253,-0.188829,0.785662,0.110850,-0.087622,0.032161,-0.218814,-0.104255,-0.048847,-0.052644,-0.020535,0.017297,0.001820,-0.003478,0.223607
-0.014517,-0.079619,0.107707,-0.258690,0.361606,-0.055348,0.405604,-0.072660,-0.123482,-0.291625,0.011042,0.653047,-0.171450,-0.013716,-0.062431,-0.024175,0.018578,-0.001703,-0.003804,0.223607
0.000335,-0.042059,0.055861,-0.164813,0.262320,-0.059423,0.396326,-0.331547,-0.157024,-0.172935,-0.006126,-0.703711,-0.006050,-0.167586,-0.019046,-0.007376,0.007470,0.014234,-0.000339,0.223607
0.000469,-0.009772,0.013363,-0.041203,0.065893,-0.015446,0.100071,-0.072004,-0.032292,0.621985,0.271274,-0.057188,-0.397844,0.493064,-0.223085,-0.064923,0.068268,-0.055797,-0.018248,0.223607
-0.000004,-0.002927,0.004166,-0.012199,0.018714,-0.004157,0.025828,-0.005232,-0.003389,0.510451,0.218671,0.132211,0.021181,-0.698692,0.326977,-0.137808,-0.039847,0.082342,-0.001686,0.223607
-0.000003,-0.000724,0.001232,-0.003381,0.004827,-0.000996,0.006087,0.001548,-0.000111,0.163124,0.070256,0.074256,0.467301,-0.145647,-0.585829,0.561333,-0.093462,-0.062339,0.048662,0.223606
-0.000005,-0.000097,0.000386,-0.000811,0.000834,-0.000111,0.000723,0.001584,0.000062,0.021126,0.010130,0.037004,0.505089,0.171160,0.004679,-0.325988,0.696019,0.269931,-0.008475,0.223607
-0.000000,0.000024,0.000173,-0.000265,0.000109,0.000004,-0.000038,0.000965,-0.000002,0.000017,0.000823,0.021019,0.393524,0.191903,-0.073930,-0.571730,-0.638324,-0.086210,0.103139,0.223606
-0.000013,0.000001,0.000097,-0.000158,0.000052,0.000030,-0.000063,0.000500,0.000003,-0.000516,0.000425,0.011120,0.188125,0.130535,0.393123,0.145225,0.139383,-0.818069,-0.182054,0.223609
-0.000004,0.000035,0.000033,-0.000093,0.000022,0.000024,-0.000025,0.000306,0.000006,-0.000309,0.000152,0.005922,0.110322,0.244736,0.342348,0.301704,-0.252978,0.442992,-0.639865,0.223613
0.000001,0.000036,0.000007,-0.000055,-0.000001,0.000025,-0.000016,0.000099,-0.000007,0.000042,0.000148,0.001574,0.045960,0.237669,0.435487,0.333752,-0.079131,0.200552,0.737482,0.223599
-0.003593,-0.007611,0.012822,-0.003352,0.008348,0.000331,-0.000545,0.000844,0.014980,0.001202,-0.159738,-0.926865,-0.231779,-0.027836,-0.027294,-0.058923,-0.036240,-0.041542,-0.055758,0.223607
-0.072440,-0.393244,0.624589,-0.336684,0.500289,0.064433,0.058969,-0.018829,-0.048702,0.039687,0.091486,0.075991,-0.041433,-0.025103,-0.022900,-0.042228,-0.021631,-0.045292,-0.055745,0.223607
-0.334909,-0.558590,0.087995,0.506810,-0.394829,-0.239465,0.152132,-0.045596,-0.019504,0.043786,0.073121,0.064888,-0.047642,-0.025359,-0.022680,-0.042877,-0.021839,-0.045289,-0.055750,0.223607
-0.592221,0.063031,-0.441680,0.119621,0.379649,0.462139,0.005304,-0.025638,-0.069749,0.032233,0.086722,0.058584,-0.046191,-0.024160,-0.022721,-0.042424,-0.021858,-0.045221,-0.055740,0.223607
-0.399818,0.446197,0.007156,-0.283817,0.008726,-0.659358,0.167754,-0.138808,0.059533,0.056696,0.079216,0.062994,-0.050494,-0.025908,-0.022782,-0.042777,-0.021919,-0.045288,-0.055747,0.223607
-0.043954,0.466058,0.437937,0.126611,-0.338466,0.344642,0.178996,0.279906,-0.398660,-0.008521,0.093063,0.048917,-0.032852,-0.020326,-0.020305,-0.041595,-0.021636,-0.045227,-0.055768,0.223607
0.207828,0.267486,0.219666,0.352219,0.055428,0.181453,-0.050026,-0.583777,0.495672,0.115976,0.065850,0.077833,-0.070052,-0.031606,-0.025585,-0.043735,-0.022353,-0.045150,-0.055716,0.223607
0.378677,0.093225,-0.117210,0.472256,0.476257,-0.354438,-0.111914,0.147644,-0.392931,-0.015004,0.087991,0.049851,-0.033606,-0.022705,-0.022202,-0.041984,-0.021638,-0.045310,-0.055764,0.223607
0.301408,-0.062770,-0.237907,-0.084930,0.034422,0.057876,0.657457,0.379586,0.356243,0.249078,0.056055,0.073946,-0.066363,-0.026209,-0.016780,-0.044165,-0.021897,-0.045426,-0.055723,0.223607
0.243008,-0.124046,-0.234091,-0.247778,-0.143982,0.080205,0.274628,-0.447438,-0.290855,-0.549409,0.245067,0.009527,0.013589,-0.029826,-0.044939,-0.036908,-0.020784,-0.044587,-0.055770,0.223607
0.156852,-0.099186,-0.170503,-0.245078,-0.185594,0.054127,-0.155573,-0.261624,-0.355932,0.604412,-0.333353,0.169453,-0.231969,0.018208,0.040449,-0.054223,-0.024024,-0.046619,-0.055601,0.223607
0.081794,-0.053765,-0.096697,-0.165719,-0.171497,0.011173,-0.403447,0.127985,0.079522,0.266943,0.601024,-0.131103,0.399624,-0.186507,-0.196533,-0.017104,-0.020627,-0.043750,-0.056383,0.223607
0.041637,-0.024683,-0.049369,-0.104075,-0.117226,-0.003158,-0.367516,0.245520,0.210014,-0.229166,0.207140,0.141915,-0.522427,0.460221,0.256560,-0.098523,-0.013938,-0.046307,-0.054928,0.223607
0.021333,-0.009794,-0.026197,-0.062862,-0.068165,-0.000991,-0.233912,0.190289,0.163546,-0.290645,-0.308143,0.177435,-0.176717,-0.753410,-0.018016,0.081320,-0.041473,-0.032477,-0.054896,0.223607
0.008931,-0.001893,-0.010331,-0.027911,-0.028907,-0.000061,-0.109965,0.100624,0.103953,-0.182585,-0.408559,0.093197,0.256871,0.357884,-0.674256,-0.210668,-0.078040,-0.059245,-0.059682,0.223607
0.003393,-0.000333,-0.003937,-0.009446,-0.008914,0.000975,-0.036152,0.027424,0.050636,-0.078987,-0.248069,-0.022219,0.516802,0.041149,0.608301,-0.427613,0.186436,-0.134945,-0.047745,0.223607
0.001265,-0.000045,-0.001373,-0.003251,-0.002980,0.000169,-0.014371,0.011455,0.025755,-0.033758,-0.137625,-0.014414,0.266043,0.185582,0.245062,0.642265,-0.573939,0.061147,-0.133283,0.223607
0.000674,-0.000070,-0.000696,-0.002246,-0.002289,-0.000052,-0.010436,0.009213,0.013773,-0.017982,-0.071752,-0.011182,0.058749,0.119551,-0.042167,0.563001,0.768546,-0.129436,0.010015,0.223607
0.000110,0.000031,-0.000147,-0.000331,-0.000233,-0.000005,-0.001195,0.001114,0.002089,-0.003273,-0.016143,0.001636,0.028445,0.009727,0.016804,-0.062040,0.137280,0.961144,0.045165,0.223607
0.000027,0.000003,-0.000025,-0.000038,-0.000037,0.000003,-0.000187,0.000108,0.000618,-0.000683,-0.003351,-0.000383,0.011402,0.006632,0.011984,0.021200,-0.108428,-0.081178,0.964818,0.223607
-0.000009,-0.000254,-0.000790,-0.000591,0.000278,-0.001931,0.007685,-0.000851,0.010546,0.002792,-0.003864,-0.010070,0.146539,-0.228035,0.005074,0.931755,-0.050574,-0.053336,0.229415,0.000000
0.000517,-0.000862,-0.000897,-0.004245,-0.006113,-0.001068,0.028487,-0.009615,0.043259,0.015447,0.020433,0.005274,0.480795,-0.719959,-0.300905,-0.313249,-0.053140,-0.053429,0.229415,0.000000
-0.030629,-0.041267,0.030407,0.029805,-0.042952,-0.035133,0.279164,-0.416653,0.072133,0.033873,-0.000089,0.004791,0.641649,0.492190,0.142507,-0.047111,-0.050780,-0.053460,0.229415,0.000000
-0.204195,-0.258226,0.232905,0.197679,-0.201745,-0.142998,0.264967,-0.567229,0.025897,-0.011177,-0.066729,-0.019140,-0.487192,-0.206336,-0.007269,-0.039554,-0.050484,-0.053417,0.229415,0.000000
-0.436215,-0.409866,0.423816,0.130552,-0.190583,-0.002418,-0.384283,0.399296,0.032285,-0.037961,0.015321,0.013798,0.124507,0.138433,0.063392,-0.044468,-0.050657,-0.053439,0.229415,0.000000
-0.434258,0.138321,0.020445,-0.642480,0.299005,0.440732,-0.004050,-0.123898,0.044357,-0.011929,-0.030467,0.002374,-0.125841,0.002862,0.036860,-0.042180,-0.050607,-0.053430,0.229415,0.000000
-0.273035,0.684559,-0.117144,-0.051917,-0.418549,-0.417739,-0.135372,0.052853,0.036060,-0.037206,-0.008509,-0.000815,-0.056515,0.041946,0.044497,-0.043243,-0.050572,-0.053432,0.229415,0.000000
0.268247,0.466018,0.455292,0.428503,0.105855,0.483277,-0.049791,0.006269,0.061691,0.016786,-0.023208,0.014073,-0.072800,0.029009,0.043190,-0.042497,-0.050612,-0.053433,0.229415,0.000000
0.545338,-0.057358,0.415211,-0.469846,0.094770,-0.379919,-0.190590,-0.056305,-0.070749,-0.197792,0.052298,-0.030490,-0.054529,0.036064,0.037112,-0.043063,-0.050622,-0.053431,0.229415,0.000000
0.335415,-0.172154,-0.193260,-0.219131,-0.506273,0.252965,0.046243,0.154140,0.324337,0.432319,-0.224448,0.090257,-0.107103,0.032570,0.057355,-0.042616,-0.050480,-0.053435,0.229415,0.000000
0.139929,-0.121531,-0.374753,0.053469,-0.302554,0.332640,-0.165081,-0.085656,-0.245694,-0.562506,0.309611,-0.221467,-0.040826,0.035272,0.033737,-0.042320,-0.050624,-0.053428,0.229415,0.000000
0.044152,-0.064530,-0.306592,0.167334,0.241563,-0.054694,-0.451614,-0.203932,-0.246810,0.027484,-0.439686,0.498064,-0.020753,0.034712,0.022763,-0.041223,-0.050979,-0.053428,0.229415,0.000000
0.015692,-0.043369,-0.216046,0.146202,0.315692,-0.136226,-0.311673,-0.094171,0.104691,0.435181,0.153684,-0.642787,-0.072666,0.039660,0.035303,-0.048139,-0.050541,-0.053436,0.229415,0.000000
0.015802,-0.056493,-0.190042,0.120018,0.276198,-0.138280,0.103583,0.133315,0.547688,-0.137145,0.494673,0.418800,-0.132341,0.023169,0.076603,-0.036615,-0.050190,-0.053433,0.229415,0.000000
0.007725,-0.037719,-0.122334,0.089615,0.214131,-0.109846,0.345705,0.335090,0.181705,-0.398850,-0.577783,-0.300079,-0.059556,0.068028,-0.038752,-0.045479,-0.050950,-0.053434,0.229415,0.000000
0.003470,-0.016886,-0.040294,0.020524,0.085087,-0.059613,0.365587,0.286962,-0.534680,0.219678,0.138728,0.071716,-0.030525,-0.149756,0.568029,-0.093187,-0.046355,-0.053420,0.229415,0.000000
0.001863,-0.007564,-0.014387,0.004086,0.032659,-0.026879,0.226280,0.171679,-0.348299,0.189965,0.171196,0.095008,-0.120408,0.296671,-0.731292,0.030197,-0.166348,-0.054793,0.229415,0.000000
0.000187,-0.000801,-0.001504,0.000415,0.003455,-0.002808,0.024212,0.018298,-0.037591,0.020582,0.018428,0.010465,-0.012163,0.032735,-0.086371,0.003008,0.965087,-0.063691,0.229415,0.000000
0.000004,-0.000018,-0.000032,0.000009,0.000077,-0.000063,0.000540,0.000409,-0.000826,0.000460,0.000411,0.000228,-0.000271,0.000764,-0.001834,-0.000016,0.009427,0.973279,0.229422,0.000000
0.000000,0.000000,0.000000,0.000000,0.000000,0.000000,0.000000,0.000000,0.000000,0.000000,0.000000,0.000000,0.000000,0.000000,0.000000,0.000000,0.000000,0.000000,0.000000,1.000000
-0.005468,-0.000973,0.020031,-0.057676,-0.174276,-0.007137,0.032405,-0.256449,-0.073318,-0.015195,0.367401,-0.089411,-0.405255,-0.082960,0.686660,-0.216359,-0.098133,-0.022476,-0.029240,0.223607
-0.023148,-0.041643,0.071471,-0.117998,-0.405056,-0.042989,0.081889,-0.437582,-0.068626,0.031302,0.414344,-0.002078,-0.092811,0.097570,-0.564229,0.220411,-0.033330,-0.017871,-0.026868,0.223607
-0.098021,-0.211567,0.188142,-0.131084,-0.460348,-0.125142,0.127656,-0.191466,0.089699,0.120370,-0.424200,0.103094,0.527598,-0.007460,0.240655,-0.072931,-0.080112,-0.023175,-0.028316,0.223607
-0.222605,-0.441179,0.271225,-0.054879,-0.109093,-0.187997,0.035459,0.446582,0.095546,0.004849,-0.226279,-0.180618,-0.512617,0.002548,-0.135037,0.063566,-0.046729,-0.017639,-0.027683,0.223607
-0.330381,-0.407563,0.160147,0.165076,0.389872,-0.068928,-0.059320,0.111264,-0.205492,-0.076866,0.454617,0.177647,0.387917,0.037793,0.048563,-0.009218,-0.084923,-0.022905,-0.027116,0.223607
-0.436371,0.047005,-0.232310,0.427169,0.297810,0.023329,0.077582,-0.480355,0.048704,0.123320,-0.357296,-0.088707,-0.181566,0.020710,-0.053948,0.041634,-0.051483,-0.018131,-0.028410,0.223607
-0.392229,0.472611,-0.320172,0.176411,-0.330570,-0.053622,0.140262,0.470773,0.151031,0.044908,0.196846,0.061474,0.109714,0.006276,0.008280,0.004083,-0.070362,-0.022070,-0.027512,0.223607
-0.134170,0.477649,0.246111,-0.292549,0.129375,-0.329207,-0.290829,-0.020407,-0.487771,-0.239877,-0.206292,-0.041111,-0.007675,0.029734,-0.026408,0.024557,-0.067355,-0.019052,-0.027021,0.223607
0.143393,0.329782,0.501245,-0.098167,0.352108,-0.052711,0.197039,-0.018788,0.497287,0.353335,0.109954,0.060904,0.008426,-0.000721,-0.010255,0.023157,-0.062659,-0.021866,-0.028419,0.223607
0.348671,0.102432,0.301153,0.506699,-0.088626,0.293309,0.381947,0.108268,-0.289141,-0.293594,-0.083581,-0.174493,0.050816,0.062976,-0.018089,0.010600,-0.062019,-0.016398,-0.025930,0.223607
0.399876,-0.033952,-0.062491,0.421416,-0.120291,-0.246281,-0.475127,0.056141,-0.049542,0.276720,-0.048426,0.444113,-0.118050,-0.056484,-0.017968,0.026784,-0.071555,-0.025778,-0.029447,0.223607
0.330598,-0.089366,-0.329888,0.020487,0.118723,-0.456623,-0.045079,0.004799,0.177851,-0.065211,0.078263,-0.617429,0.219409,0.151225,-0.001582,-0.015845,-0.058426,-0.015973,-0.025669,0.223607
0.201156,-0.079354,-0.333664,-0.245584,0.195704,-0.185424,0.474232,0.004245,-0.017934,-0.277682,-0.084703,0.405944,-0.085886,-0.384922,-0.034016,0.135876,-0.081735,-0.036972,-0.037386,0.223607
0.114748,-0.053482,-0.236410,-0.269640,0.114353,0.205570,0.160939,0.102973,-0.222454,0.275458,-0.086695,0.174441,-0.080476,0.694522,-0.020638,-0.242409,-0.045395,0.010275,-0.006034,0.223607
0.054071,-0.030278,-0.122429,-0.180867,0.049651,0.380265,-0.118595,0.113922,-0.225698,0.390514,-0.022878,-0.240329,0.088433,-0.249305,0.155635,0.604624,-0.002125,-0.021141,-0.049074,0.223607
0.025719,-0.018020,-0.064962,-0.120903,0.027086,0.313319,-0.169646,0.034937,-0.027795,0.098828,-0.016598,-0.157235,0.060829,-0.453979,-0.312372,-0.636905,-0.166375,-0.151706,-0.044931,0.223607
0.016143,-0.014279,-0.038111,-0.095017,0.005546,0.343966,-0.338783,-0.030897,0.378603,-0.450631,-0.052391,0.085938,0.002843,0.146093,0.024190,0.139172,-0.384957,0.388713,0.088597,0.223607
0.007073,-0.006903,-0.016682,-0.048420,0.003416,0.186544,-0.199769,-0.021529,0.239808,-0.305613,-0.025722,0.078434,0.003019,0.136676,0.052611,0.068507,0.499104,-0.631135,-0.201967,0.223607
0.000773,-0.000565,-0.001648,-0.003515,0.003012,0.007421,-0.008710,0.002756,-0.006517,0.002027,0.009180,0.001063,0.016988,-0.092971,-0.021584,-0.131323,0.629567,0.647425,-0.327943,0.223607
0.000174,-0.000355,-0.000757,-0.000959,0.001604,0.002337,-0.003553,0.000812,-0.004239,0.003039,0.004456,-0.001639,0.008343,-0.057323,-0.000469,-0.037979,0.339002,0.037876,0.910369,0.223607
-0.000098,-0.000103,0.000200,-0.000049,-0.000028,-0.000417,-0.000889,0.000054,0.000291,0.000142,-0.001120,-0.000666,0.000870,-0.007783,-0.051615,-0.934971,0.260896,-0.054791,-0.045085,0.223607
-0.035802,-0.045034,0.122927,-0.044559,-0.015533,-0.402717,-0.858807,-0.017434,0.080343,0.026384,0.033719,-0.031889,-0.080553,0.046504,0.073367,0.047175,-0.022032,-0.010263,-0.056236,0.223607
-0.372823,-0.315024,0.779781,-0.120918,0.145049,0.062379,0.203253,-0.020463,0.002076,0.022656,0.033329,-0.034734,-0.078432,0.047086,0.073072,0.046244,-0.021712,-0.010278,-0.056243,0.223607
-0.604318,-0.277143,-0.393801,0.415474,-0.295239,-0.181247,0.142494,0.099018,0.092951,0.006451,0.017328,-0.032926,-0.080889,0.047184,0.073912,0.046196,-0.021601,-0.010274,-0.056243,0.223607
-0.359843,0.269315,-0.256237,-0.018774,0.512318,0.450331,-0.175432,-0.362238,-0.156215,0.080182,0.057596,-0.040469,-0.074295,0.048490,0.071989,0.045989,-0.022115,-0.010436,-0.056203,0.223607
-0.162912,0.700688,0.039946,-0.198879,0.095860,-0.316700,0.231398,0.375060,0.253894,-0.039344,0.020355,-0.028585,-0.082811,0.047211,0.073829,0.046195,-0.021558,-0.010215,-0.056243,0.223607
0.104193,0.385826,0.214543,0.193678,-0.561131,-0.013887,0.073595,-0.411240,-0.397448,0.192547,0.022538,-0.047948,-0.077584,0.046213,0.072624,0.046036,-0.021940,-0.010412,-0.056234,0.223607
0.257208,0.078063,0.135968,0.400449,-0.096409,0.385862,-0.067846,-0.064386,0.567352,-0.417375,0.129615,0.001468,-0.070203,0.053625,0.073711,0.046057,-0.021380,-0.010155,-0.056213,0.223607
0.299114,-0.061619,0.033200,0.368242,0.223497,0.105477,0.009822,0.333187,0.024321,0.618034,-0.356601,-0.135194,-0.075608,0.050118,0.075464,0.046626,-0.021752,-0.010488,-0.056248,0.223607
0.287110,-0.120631,-0.054353,0.222023,0.306929,-0.230380,0.136931,0.147641,-0.386584,-0.139518,0.622690,0.167633,-0.129979,0.026822,0.069078,0.045489,-0.021754,-0.010404,-0.056092,0.223607
0.209427,-0.131392,-0.109746,-0.021232,0.244278,-0.382955,0.225093,-0.385588,-0.021911,-0.351578,-0.435245,-0.378430,-0.002678,0.053585,0.070907,0.046418,-0.023977,-0.010686,-0.056800,0.223607
0.169858,-0.183980,-0.184541,-0.366157,-0.057281,-0.102193,0.180212,-0.354762,0.412092,0.394128,0.161974,0.381494,-0.036562,0.188351,0.089196,0.046053,-0.012810,-0.007531,-0.055457,0.223607
0.111349,-0.156434,-0.166610,-0.416275,-0.233279,0.240384,-0.001929,0.177212,-0.005437,0.049597,0.257283,-0.608968,-0.217443,-0.269564,0.042405,0.046028,-0.038983,-0.015560,-0.057658,0.223607
0.059202,-0.082760,-0.093673,-0.236009,-0.143219,0.207849,-0.048265,0.239489,-0.261751,-0.290472,-0.412755,0.461823,-0.444953,0.057406,0.093454,0.046524,-0.014268,-0.009066,-0.052694,0.223607
0.030455,-0.051384,-0.056668,-0.155570,-0.116527,0.162145,-0.046345,0.217983,-0.161593,-0.105796,0.010142,-0.091671,0.618781,0.626088,0.044781,0.043736,-0.025071,-0.025565,-0.059975,0.223607
0.005995,-0.007100,-0.008863,-0.019793,-0.010568,0.017964,-0.004639,0.026500,-0.033825,-0.031317,-0.076779,0.204890,0.501250,-0.610578,0.466632,0.064929,0.141771,0.172868,-0.047795,0.223607
0.001297,-0.000850,-0.001291,-0.001132,0.001030,-0.001105,0.000805,0.000211,-0.006424,-0.010083,-0.052787,0.140272,0.219321,-0.296593,-0.487157,-0.058927,-0.617313,-0.371357,-0.177598,0.223607
0.000379,-0.000237,-0.000529,-0.000379,0.000283,-0.000441,0.000310,-0.000262,-0.001645,-0.003269,-0.019112,0.045222,0.072364,-0.111822,-0.499186,0.296440,0.710026,-0.296832,0.022922,0.223607
0.000142,-0.000152,-0.000222,-0.000118,-0.000102,-0.000218,0.000167,-0.000093,-0.000179,-0.001049,-0.010833,0.023630,0.022394,-0.025798,-0.466839,0.009508,-0.058581,0.848629,0.080767,0.223607
0.000067,-0.000049,-0.000031,-0.000024,0.000072,-0.000131,0.000072,0.000112,-0.000306,-0.000322,-0.001337,0.005046,0.017011,-0.016545,0.040376,-0.021744,-0.125846,-0.137182,0.955327,0.223607
-0.000055,-0.000339,-0.000301,0.000914,0.001338,-0.000013,0.000049,0.000244,0.002224,-0.001701,0.025532,-0.000983,-0.001673,-0.090669,-0.612276,-0.748700,0.008805,-0.054491,0.229416,0.000000
-0.001215,-0.005683,-0.006369,0.017111,0.025290,-0.007464,0.001389,0.000596,0.015580,0.004797,0.362414,0.010605,0.018053,-0.883425,0.157614,0.063717,-0.050809,-0.048300,0.229416,0.000000
-0.017173,-0.073270,-0.085330,0.215317,0.295062,-0.129055,0.017945,0.044777,0.018584,0.019371,0.774173,0.038544,0.028985,0.411471,0.073303,-0.009342,-0.049816,-0.048757,0.229416,0.000000
-0.056113,-0.183824,-0.207429,0.468424,0.554181,-0.281790,0.036714,0.089022,-0.099144,-0.054854,-0.468166,-0.028839,-0.008172,-0.084090,0.086337,-0.001460,-0.048675,-0.048719,0.229416,0.000000
-0.215637,-0.375972,-0.353899,0.273044,-0.720175,-0.125648,-0.010110,0.082695,-0.042161,-0.025400,-0.019442,-0.006277,0.003512,0.061793,0.082926,-0.003359,-0.049030,-0.048728,0.229416,0.000000
-0.543933,-0.261199,0.013376,-0.695935,0.169693,-0.196874,0.073392,0.074820,-0.047867,-0.024629,-0.053060,-0.009311,0.001718,0.052366,0.083089,-0.003271,-0.049015,-0.048725,0.229416,0.000000
-0.475766,0.700697,0.306514,0.228115,-0.149898,-0.165058,-0.090768,0.069136,-0.052935,-0.035187,-0.053646,-0.002842,0.001770,0.051887,0.083141,-0.003288,-0.048984,-0.048735,0.229416,0.000000
0.344757,0.481193,-0.596092,-0.289917,-0.047277,-0.122611,0.335220,0.060342,-0.081807,-0.011122,-0.052596,-0.015624,0.009011,0.051925,0.083082,-0.003375,-0.049117,-0.048726,0.229416,0.000000
0.423354,-0.016540,0.128280,-0.196321,-0.071007,-0.379892,-0.730925,0.087878,-0.009881,-0.063026,-0.055621,0.005508,-0.001310,0.051264,0.083321,-0.003319,-0.048829,-0.048727,0.229416,0.000000
0.339100,-0.159760,0.576867,0.009303,-0.157827,-0.272057,0.538727,-0.033940,-0.215268,0.117365,-0.046169,-0.083047,0.012840,0.051954,0.082951,-0.003688,-0.049135,-0.048736,0.229416,0.000000
0.109891,-0.041282,0.152523,-0.004329,-0.009063,0.263076,0.143956,0.355454,0.473757,-0.586971,-0.081035,0.320441,-0.035496,0.051820,0.083847,-0.001889,-0.048599,-0.048721,0.229416,0.000000
0.043095,-0.016531,0.045074,-0.007949,0.037918,0.469426,-0.088324,0.528582,0.004447,0.363136,-0.055317,-0.521840,0.111462,0.051981,0.083259,-0.003183,-0.049394,-0.048701,0.229416,0.000000
0.024973,-0.023201,0.018885,-0.013296,0.030991,0.429879,-0.112481,-0.022998,-0.570223,0.145914,-0.048461,0.564577,-0.255530,0.048644,0.082018,-0.003531,-0.049208,-0.048706,0.229416,0.000000
0.011106,-0.019371,0.008289,-0.007894,0.020124,0.304306,-0.076868,-0.505588,-0.236584,-0.446906,-0.027753,-0.298988,0.479564,0.065520,0.086152,-0.006534,-0.046935,-0.048997,0.229416,0.000000
0.007554,-0.003894,-0.001020,0.000435,0.011087,0.125711,-0.021487,-0.399051,0.231124,-0.028232,-0.025355,-0.340559,-0.767344,0.049737,0.052666,0.025888,-0.061758,-0.047726,0.229416,0.000000
0.005157,-0.000980,0.000462,0.002519,0.008265,0.076472,-0.014106,-0.368745,0.512553,0.517744,-0.145936,0.293649,0.302782,0.056192,0.230537,-0.127359,-0.015066,-0.050202,0.229416,0.000000
0.000801,-0.000077,0.000220,0.000416,0.001146,0.010268,-0.002224,-0.056411,0.088121,0.099228,-0.026931,0.069907,0.094976,-0.000943,-0.662399,0.609475,-0.317178,-0.031537,0.229416,0.000000
0.000107,0.000028,-0.000053,0.000041,0.000154,0.001321,-0.000112,-0.006795,0.009543,0.010455,-0.002648,0.005076,0.004679,0.002400,-0.152217,0.216246,0.924290,-0.151050,0.229416,0.000000
-0.000003,0.000006,0.000000,0.000003,-0.000001,0.000003,0.000014,-0.000020,-0.000062,0.000016,0.000016,0.000001,0.000174,0.000175,-0.007351,0.006973,0.098454,0.968283,0.229416,0.000000
0.000000,0.000000,0.000000,0.000000,0.000000,0.000000,0.000000,0.000000,0.000000,0.000000,0.000000,0.000000,0.000000,0.000000,0.000000,0.000000,0.000000,0.000000,0.000000,1.000000
-0.004100,0.002473,0.006576,0.009947,-0.003816,-0.019143,0.017078,0.038288,0.071427,0.011604,-0.034639,0.090978,0.767795,0.576116,-0.061672,-0.018492,-0.054255,-0.052609,-0.041329,0.223607
-0.000490,0.001243,-0.001909,-0.001185,-0.001899,0.000620,-0.000558,-0.011124,-0.004157,-0.006661,0.022417,0.057463,0.022167,-0.037985,0.959969,0.038219,-0.132193,-0.042774,-0.041952,0.223607
0.005206,0.000999,-0.001441,-0.004961,-0.001979,-0.106663,-0.149336,-0.013338,-0.026431,-0.041000,0.086633,0.041752,0.511356,-0.789017,-0.109472,-0.040052,-0.048610,-0.052123,-0.041912,0.223607
0.067368,0.035321,0.075249,-0.045414,0.022050,-0.534511,-0.750033,-0.058351,-0.055319,-0.037441,-0.051744,0.008664,-0.196301,0.167843,-0.051268,-0.029988,-0.051021,-0.050732,-0.041499,0.223607
0.584648,0.281178,0.630003,-0.162536,0.197398,0.160408,0.126545,0.072519,0.003507,-0.027798,-0.045459,0.003491,-0.074640,-0.013444,-0.057853,-0.031234,-0.050668,-0.051008,-0.041559,0.223607
0.565600,-0.244626,-0.361052,0.619241,-0.119815,0.132158,-0.020891,0.023415,-0.053415,-0.015859,-0.047777,-0.010003,-0.082888,0.010915,-0.057685,-0.030062,-0.050954,-0.051001,-0.041545,0.223607
-0.042284,-0.802558,0.055979,-0.270030,0.417043,-0.034750,0.113414,0.130371,0.036725,-0.033940,-0.041469,0.007067,-0.088337,0.000811,-0.056119,-0.031235,-0.050480,-0.050947,-0.041561,0.223607
-0.411357,-0.219652,0.519539,0.314921,-0.364535,0.381973,-0.170713,-0.136166,-0.133166,-0.004577,-0.050255,-0.011658,-0.070018,0.013111,-0.059822,-0.030099,-0.051490,-0.051173,-0.041529,0.223607
-0.334725,0.232582,0.109986,0.487452,0.281373,-0.341084,0.281260,0.386416,0.256984,-0.118696,-0.007730,0.038925,-0.130820,-0.024263,-0.055628,-0.032352,-0.048835,-0.050611,-0.041596,0.223607
-0.189631,0.252267,-0.207545,0.060699,0.532405,0.214504,-0.020884,-0.231219,-0.535183,0.281155,-0.173880,-0.112218,-0.024614,0.020090,-0.053292,-0.028576,-0.054294,-0.051444,-0.041475,0.223607
-0.095033,0.169976,-0.251042,-0.128066,0.183167,0.438316,-0.202990,-0.170347,0.367223,-0.496489,0.239013,0.256907,-0.128382,0.037513,-0.082389,-0.034895,-0.045918,-0.050439,-0.041599,0.223607
-0.056804,0.104457,-0.189478,-0.219530,-0.173277,0.230862,-0.137060,0.313591,0.415614,0.309205,-0.504892,-0.333321,-0.055450,-0.070172,-0.026335,-0.027622,-0.055715,-0.051611,-0.041645,0.223607
-0.040222,0.080225,-0.156671,-0.246167,-0.294793,0.065371,0.040578,0.587177,-0.439280,0.049477,0.214089,0.383965,-0.127475,0.033311,-0.080356,-0.028752,-0.040212,-0.050377,-0.041548,0.223607
-0.025244,0.049384,-0.093753,-0.163348,-0.224256,-0.148548,0.243308,-0.065313,-0.256624,-0.558097,-0.008184,-0.616642,-0.017588,0.050627,-0.031036,-0.063385,-0.076133,-0.051282,-0.041316,0.223607
-0.010848,0.024710,-0.064383,-0.119665,-0.224736,-0.238208,0.330967,-0.414447,0.018981,-0.049780,-0.502251,0.480569,-0.113113,-0.047877,-0.089040,0.165020,-0.030533,-0.057183,-0.041984,0.223607
-0.007073,0.018787,-0.043711,-0.081326,-0.144837,-0.135163,0.198025,-0.290749,0.179775,0.390524,0.381209,-0.039950,-0.113652,0.036578,-0.040121,-0.651259,-0.057450,-0.038635,-0.039204,0.223607
-0.003961,0.010680,-0.021512,-0.040776,-0.065560,-0.054813,0.083495,-0.131106,0.130559,0.295466,0.429210,-0.175340,-0.072045,0.027635,-0.113813,0.715898,-0.250907,-0.016611,-0.048193,0.223607
-0.000984,0.002493,-0.004707,-0.008881,-0.013498,-0.011034,0.017223,-0.028490,0.024014,0.055510,0.097378,-0.063973,-0.009325,0.008140,0.056902,0.138297,0.912276,-0.275454,-0.024644,0.223607
-0.000061,0.000060,-0.000118,-0.000345,-0.000426,-0.000306,0.000599,-0.001101,-0.001210,-0.002354,-0.001515,-0.005965,0.002888,0.000494,0.008743,0.013998,0.215345,0.923890,-0.222995,0.223607
-0.000005,0.000003,-0.000007,-0.000031,-0.000011,0.000012,-0.000028,-0.000026,-0.000022,-0.000250,-0.000153,-0.000710,0.000444,-0.000427,0.000288,0.006571,0.022048,0.172123,0.959085,0.223607
-0.346563,0.419547,-0.752699,0.179471,-0.133946,-0.022524,-0.066110,-0.062560,-0.046224,-0.006028,-0.091127,0.023102,0.038735,-0.117361,-0.012950,-0.004585,0.029398,0.028168,0.015608,0.223607
-0.764745,-0.243979,0.214064,-0.459000,0.056307,-0.101562,-0.055531,-0.062745,-0.050355,-0.008582,-0.090023,0.023133,0.038978,-0.117350,-0.012939,-0.004534,0.029416,0.028157,0.015610,0.223607
0.064262,-0.774988,-0.193489,0.357315,-0.377991,-0.005782,-0.075872,-0.060253,-0.042533,-0.002553,-0.090397,0.023193,0.038101,-0.117419,-0.013041,-0.004581,0.029377,0.028170,0.015606,0.223607
0.414188,-0.216990,-0.391916,-0.451951,0.510401,-0.280581,0.004693,-0.062780,-0.064712,-0.015099,-0.089455,0.022375,0.039315,-0.117283,-0.012647,-0.004630,0.029486,0.028165,0.015606,0.223607
0.287234,0.142948,0.028724,-0.500641,-0.469295,0.505306,-0.301006,-0.026941,-0.016360,0.003683,-0.102251,0.023405,0.039400,-0.117319,-0.013916,-0.004115,0.029108,0.028116,0.015632,0.223607
0.169257,0.226959,0.213677,-0.079213,-0.455093,-0.580738,0.428433,-0.247246,-0.085239,-0.012655,-0.059142,0.027803,0.036336,-0.117084,-0.012221,-0.005319,0.030153,0.028325,0.015569,0.223607
0.076098,0.160762,0.239696,0.196136,0.034029,-0.410630,-0.664105,0.417539,-0.048376,-0.036869,-0.125130,0.008789,0.040299,-0.119469,-0.011468,-0.003851,0.028178,0.027857,0.015633,0.223607
0.038873,0.103661,0.220717,0.261733,0.269765,0.110568,-0.258204,-0.765672,0.220011,0.100561,-0.063635,0.069975,0.028279,-0.109742,-0.017645,-0.004753,0.030119,0.028440,0.015652,0.223607
0.022287,0.067224,0.153898,0.182689,0.195304,0.253854,0.164529,0.038967,-0.826504,0.187167,-0.004194,-0.072573,0.118397,-0.131381,0.000311,-0.005065,0.031456,0.028160,0.015454,0.223607
0.016222,0.048322,0.114259,0.135837,0.147583,0.208956,0.256244,0.130576,0.109715,-0.719081,-0.425565,-0.041422,-0.190825,-0.122189,-0.051577,-0.001614,0.026906,0.028535,0.016074,0.223607
0.010700,0.030942,0.071380,0.082385,0.098514,0.140434,0.264152,0.289716,0.328187,0.210670,-0.039706,0.507746,0.560941,-0.092898,0.132084,-0.010940,0.027130,0.025316,0.014464,0.223607
0.005933,0.017038,0.037249,0.040180,0.052174,0.069061,0.188504,0.199749,0.317134,0.526554,-0.254436,-0.559335,-0.164461,-0.059403,-0.271811,-0.001319,0.048002,0.035856,0.016491,0.223607
0.003042,0.009160,0.020716,0.024036,0.033147,0.049464,0.077827,0.128845,0.062207,0.176233,0.313540,0.359079,-0.725526,-0.275018,0.240366,-0.004783,-0.012165,0.017479,0.015799,0.223607
0.002131,0.005912,0.014941,0.019355,0.024665,0.038822,0.026784,0.040023,0.153925,-0.266192,0.668233,-0.474458,0.254446,-0.285396,0.178781,0.002218,0.002535,0.018061,0.015408,0.223607
0.000955,0.002994,0.007454,0.010045,0.012624,0.020416,0.009338,0.038443,-0.007040,-0.108304,0.369601,0.230218,-0.032807,0.227352,-0.821522,0.112280,0.065569,0.035807,0.021348,0.223607
0.000152,0.000491,0.001301,0.001623,0.002135,0.004259,0.000069,0.006470,0.000794,-0.024644,0.069375,-0.032519,-0.048705,0.482089,0.161102,-0.716453,0.376856,0.165116,-0.011271,0.223607
-0.000007,0.000003,0.000016,-0.000011,-0.000088,0.000125,0.000093,-0.001197,-0.003161,-0.001510,0.004519,-0.031925,-0.007845,0.310819,0.086787,-0.058614,-0.825794,0.339156,0.210590,0.223606
-0.000004,-0.000001,0.000006,0.000002,-0.000079,0.000170,0.000050,-0.000426,-0.000990,-0.000931,0.002666,-0.030037,-0.016422,0.260937,0.109443,0.060885,-0.038938,-0.797886,0.476349,0.223606
-0.000002,0.000002,0.000006,-0.000005,-0.000042,0.000081,-0.000000,-0.000561,-0.001304,-0.000680,0.001691,-0.015947,-0.006661,0.151163,0.037858,-0.022925,-0.248042,-0.378281,-0.848684,0.223608
-0.000013,-0.000006,0.000001,0.000014,-0.000113,0.000300,0.000112,0.000052,0.000827,-0.001739,0.005436,-0.060600,-0.039976,0.466951,0.305004,0.682697,0.311250,0.257281,-0.066931,0.223607
-0.000027,-0.000028,0.000015,-0.000008,0.000023,-0.000153,0.000088,0.000079,-0.000221,0.000289,-0.000767,0.000159,-0.000386,-0.002432,-0.003194,0.000368,-0.971865,-0.053198,0.229416,0.000000
-0.004747,-0.006566,0.002895,-0.012634,0.014365,0.004838,-0.035105,-0.024777,0.010358,-0.053199,-0.033280,0.084476,-0.076642,-0.957625,-0.046377,-0.051810,0.059513,-0.050808,0.229416,0.000000
0.025227,-0.017845,-0.028419,0.047492,0.135543,0.034635,0.028892,0.018250,-0.017093,0.055488,0.026393,0.939530,0.063015,0.140560,-0.054384,-0.057404,0.056887,-0.051097,0.229416,0.000000
0.292024,-0.217857,-0.350043,0.261346,0.721767,0.120864,0.149391,-0.014989,0.000350,0.016492,-0.014423,-0.224156,-0.021369,0.050310,-0.053572,-0.057110,0.056968,-0.051078,0.229416,0.000000
0.658635,-0.243640,-0.303370,-0.330043,-0.445527,-0.168472,0.020476,-0.096934,0.004615,-0.010852,-0.009255,-0.020930,0.012993,0.061053,-0.053849,-0.056962,0.056944,-0.051076,0.229416,0.000000
0.372252,0.620472,0.480380,-0.305878,0.215986,0.142585,0.095187,0.006204,-0.004504,0.025409,-0.003702,-0.086736,0.003059,0.057330,-0.052869,-0.057115,0.056929,-0.051074,0.229416,0.000000
-0.214823,0.633966,-0.538979,0.178363,-0.106467,-0.349875,0.021594,-0.152965,-0.009633,-0.027740,-0.018471,-0.052142,-0.004859,0.057371,-0.055269,-0.056866,0.056990,-0.051080,0.229416,0.000000
-0.409491,-0.042172,-0.302512,-0.518916,-0.064405,0.540784,0.252117,0.147916,-0.003172,0.118371,0.011781,-0.078961,0.026375,0.047625,-0.051028,-0.057170,0.056941,-0.051071,0.229416,0.000000
-0.290539,-0.217754,0.141927,-0.414580,0.272094,-0.309079,-0.330359,-0.459836,0.041503,-0.290322,-0.066309,-0.040486,-0.113476,0.126811,-0.057035,-0.057214,0.056804,-0.051096,0.229416,0.000000
-0.169149,-0.178953,0.216853,-0.058762,0.052729,-0.523263,0.277036,0.203926,-0.068235,0.518844,0.082095,-0.114674,0.368527,-0.019190,-0.048615,-0.056280,0.057214,-0.051041,0.229416,0.000000
-0.089729,-0.108796,0.188721,0.147547,-0.135419,-0.164632,0.427404,0.263454,0.036622,-0.221545,-0.116342,-0.017018,-0.694226,0.112862,-0.065021,-0.059270,0.057245,-0.051155,0.229416,0.000000
-0.056731,-0.067411,0.146811,0.222350,-0.152823,0.092778,0.234284,0.022596,0.143582,-0.624745,-0.084801,-0.067359,0.588244,0.039847,-0.046134,-0.055185,0.056592,-0.051031,0.229416,0.000000
-0.041284,-0.061455,0.165772,0.306429,-0.207906,0.246623,0.021791,-0.498370,0.488365,0.331377,0.301504,-0.069936,-0.094809,0.051937,-0.052764,-0.056727,0.056669,-0.051063,0.229416,0.000000
-0.034326,-0.059886,0.132923,0.253261,-0.176211,0.220311,-0.135788,-0.237048,-0.593933,0.208829,-0.537149,-0.070678,0.011281,0.067628,-0.052897,-0.057188,0.057475,-0.051138,0.229416,0.000000
-0.023427,-0.030835,0.048521,0.112729,-0.071964,0.068102,-0.251673,0.152550,-0.495522,-0.156661,0.737258,-0.081964,-0.053461,0.043638,-0.028015,-0.052841,0.056334,-0.050150,0.229416,0.000000
-0.011415,-0.001878,0.000312,0.089960,-0.042735,0.039226,-0.615130,0.528658,0.354314,0.083539,-0.195848,-0.080833,0.001025,0.085829,-0.281914,-0.085849,0.057869,-0.054244,0.229416,0.000000
-0.002043,0.000547,-0.001498,0.017764,-0.007549,0.003607,-0.131684,0.115245,0.091829,0.020807,-0.063419,-0.014968,-0.012059,0.026062,0.937285,-0.136827,0.053627,-0.048138,0.229416,0.000000
-0.000375,0.000071,-0.000265,0.003276,-0.001378,0.001020,-0.025924,0.023681,0.018603,0.005014,-0.013458,-0.003040,-0.003092,0.009492,0.065877,0.962815,0.059902,-0.102564,0.229416,0.000000
-0.000030,0.000020,-0.000046,0.000305,-0.000123,0.000101,-0.002597,0.002361,0.002172,0.000603,-0.001807,-0.000287,-0.000141,0.000891,-0.000224,0.048634,0.000962,0.972101,0.229416,0.000000
0.000000,0.000000,0.000000,0.000000,0.000000,0.000000,0.000000,0.000000,0.000000,0.000000,0.000000,0.000000,0.000000,0.000000,0.000000,0.000000,0.000000,0.000000,0.000000,1.000000
-0.001654,0.003662,0.000214,-0.008594,0.011962,0.005086,-0.039858,-0.032349,0.005365,0.078785,0.027028,-0.045858,0.023177,-0.082116,0.959549,-0.055311,-0.043811,-0.049118,0.229416,0.000000
-0.001688,0.003106,0.000634,-0.002184,-0.007003,0.000957,0.001051,0.009149,-0.001592,-0.019986,0.015701,-0.054249,0.072013,0.966663,0.020660,-0.007624,-0.035267,-0.047669,0.229416,0.000000
0.005866,-0.002083,0.002624,0.005011,0.002749,0.042538,0.006769,-0.000353,-0.009649,-0.017330,0.006836,-0.058041,0.951150,-0.131768,-0.099312,-0.067885,-0.052292,-0.048694,0.229416,0.000000
0.205136,0.062325,-0.254570,0.138953,0.100687,0.865235,0.174826,-0.009425,-0.006349,-0.020194,-0.007372,0.015581,-0.117843,-0.048030,-0.058681,-0.052271,-0.048818,-0.048668,0.229416,0.000000
0.733659,0.080137,-0.436615,-0.199283,0.067965,-0.376030,0.028057,-0.083759,-0.001765,0.007983,-0.004302,0.012699,-0.062796,-0.049513,-0.066452,-0.051958,-0.048983,-0.048657,0.229416,0.000000
0.279438,-0.543978,0.614171,-0.389767,-0.045171,0.115938,0.081942,-0.016782,-0.008619,-0.019313,-0.015203,0.021620,-0.084552,-0.049828,-0.059944,-0.051372,-0.048888,-0.048664,0.229416,0.000000
-0.344627,-0.694476,-0.427098,0.165612,0.289373,-0.144236,0.014081,-0.108339,-0.010356,0.020512,0.006364,0.004989,-0.070919,-0.046175,-0.068682,-0.052550,-0.048858,-0.048653,0.229416,0.000000
-0.396690,0.123797,-0.286067,-0.605454,-0.470305,0.011370,0.266687,0.069952,-0.003661,-0.093285,-0.039237,0.026651,-0.071145,-0.059273,-0.043181,-0.052488,-0.049075,-0.048698,0.229416,0.000000
-0.219959,0.318102,0.105762,-0.365534,0.490708,0.055261,-0.404185,-0.368735,-0.016605,0.257373,0.057757,-0.079524,-0.082452,-0.045071,-0.131461,-0.052645,-0.048991,-0.048561,0.229416,0.000000
-0.110044,0.239477,0.182882,0.052024,0.475589,-0.166160,0.349026,0.214279,0.031051,-0.519170,-0.122252,0.350757,-0.051335,-0.044254,0.013829,-0.046796,-0.048884,-0.048845,0.229416,0.000000
-0.052496,0.142756,0.161210,0.205837,0.062210,-0.162348,0.467007,0.157623,-0.008146,0.295997,0.171020,-0.650427,-0.120898,-0.082806,-0.102399,-0.077324,-0.049360,-0.048478,0.229416,0.000000
-0.035044,0.085770,0.110425,0.236140,-0.175915,-0.095024,0.192156,-0.086416,0.006385,0.614202,-0.008694,0.631227,-0.018498,-0.008033,-0.071570,-0.020871,-0.048141,-0.048687,0.229416,0.000000
-0.021223,0.069162,0.113278,0.289413,-0.301053,-0.063961,-0.053618,-0.558103,0.506259,-0.285500,-0.248873,-0.125442,-0.081863,-0.056237,-0.058585,-0.053884,-0.049173,-0.048645,0.229416,0.000000
-0.015343,0.058956,0.078346,0.220964,-0.246762,-0.050899,-0.168988,-0.195042,-0.588903,-0.314603,0.532779,0.059135,-0.089565,-0.063580,-0.058618,-0.071951,-0.048988,-0.049033,0.229416,0.000000
-0.011521,0.037486,0.036088,0.135768,-0.104432,-0.031223,-0.245681,0.186862,-0.480724,0.039744,-0.740560,-0.136508,-0.071236,-0.049374,-0.045509,0.071065,-0.049054,-0.046457,0.229416,0.000000
-0.010183,0.013824,0.002391,0.094804,-0.113481,-0.007238,-0.481984,0.578798,0.357244,0.000426,0.157700,0.034822,-0.099267,-0.058146,-0.089387,-0.422557,-0.040591,-0.051979,0.229416,0.000000
-0.003007,0.001670,-0.002902,0.021920,-0.030704,0.000530,-0.154297,0.199294,0.187178,-0.019981,0.170683,-0.006158,-0.021737,-0.062715,-0.028466,0.859640,-0.266820,-0.049031,0.229416,0.000000
-0.000555,0.000298,-0.000659,0.003925,-0.005680,0.000160,-0.029207,0.038354,0.037436,-0.004907,0.035129,-0.001778,-0.001846,-0.026265,-0.011007,0.190758,0.940896,-0.140874,0.229416,0.000000
-0.000066,0.000007,-0.000113,0.000445,-0.000740,0.000045,-0.003785,0.004991,0.005453,-0.000753,0.005497,0.000505,-0.000388,-0.003481,-0.000783,0.016023,0.085097,0.969410,0.229416,0.000000
0.000000,0.000000,0.000000,0.000000,0.000000,0.000000,0.000000,0.000000,0.000000,0.000000,0.000000,0.000000,0.000000,0.000000,0.000000,0.000000,0.000000,0.000000,0.000000,1.000000
-0.568294,0.509033,-0.466402,-0.327672,0.176729,0.012664,-0.011542,-0.046639,-0.018485,0.004989,-0.038833,-0.007921,0.000902,-0.015661,0.022155,-0.058929,0.024344,-0.050341,-0.007259,0.223607
-0.528429,0.066846,0.275215,0.683189,-0.213610,-0.219393,0.139077,-0.034281,0.019534,0.023823,-0.030175,-0.009986,-0.008799,-0.019978,0.021632,-0.058591,0.023872,-0.050623,-0.007405,0.223607
-0.336922,-0.400033,0.338558,-0.117384,0.350316,0.315011,-0.521434,0.033317,-0.209553,-0.005827,0.010196,-0.036994,0.000001,-0.007315,0.023366,-0.061694,0.026255,-0.050318,-0.007366,0.223607
-0.148818,-0.503870,0.016936,-0.277412,0.177378,-0.108128,0.535546,-0.253988,0.410084,0.143683,-0.071301,0.003693,0.020645,-0.038312,0.020311,-0.053895,0.021449,-0.051137,-0.007282,0.223607
0.007842,-0.376698,-0.315348,-0.070264,-0.136310,-0.410178,0.091257,0.271111,-0.521118,-0.370446,-0.115387,0.048964,-0.050944,0.011564,0.025250,-0.063144,0.026015,-0.049046,-0.007596,0.223607
0.110597,-0.229738,-0.463354,0.162663,-0.214180,-0.139379,-0.405265,-0.046493,0.151239,0.550694,0.234614,-0.144940,-0.025357,-0.045349,0.007578,-0.061868,0.024689,-0.051933,-0.007217,0.223607
0.182043,-0.059504,-0.317668,0.314509,0.022950,0.323405,-0.168938,-0.257276,0.278230,-0.423024,-0.460198,0.104646,0.162462,0.015996,0.054581,-0.042096,0.024782,-0.049884,-0.006705,0.223607
0.212198,0.056292,-0.136402,0.272834,0.304760,0.340299,0.334153,-0.257560,-0.394379,0.059499,0.375785,0.098728,-0.294399,-0.129454,0.000426,-0.076591,0.013248,-0.049558,-0.010867,0.223607
0.201025,0.122341,0.019037,0.142919,0.349021,0.026587,0.196667,0.390393,-0.066574,0.194147,-0.137780,-0.473417,0.438282,0.262458,0.079971,-0.054672,0.049874,-0.046327,-0.001267,0.223607
0.215083,0.173148,0.129822,0.046012,0.357634,-0.300821,-0.113860,0.286583,0.141006,0.200859,-0.245410,0.533100,-0.152673,-0.258835,-0.185524,-0.075083,0.026005,-0.074447,-0.008373,0.223607
0.188939,0.166890,0.173390,-0.059435,0.158746,-0.344804,-0.176074,-0.169556,0.207862,-0.288338,0.076803,-0.428133,-0.508711,0.118238,0.244440,-0.022326,-0.011097,-0.017181,-0.005914,0.223607
0.159315,0.150951,0.203445,-0.145136,-0.068847,-0.250474,-0.104036,-0.366243,-0.097579,-0.161736,0.284814,0.007360,0.596237,-0.357945,-0.032778,-0.121751,0.061771,-0.077945,-0.026027,0.223607
0.111726,0.109233,0.171152,-0.152273,-0.198970,-0.052405,-0.027579,-0.376821,-0.256787,0.250332,-0.232211,0.219588,-0.014800,0.658086,-0.132302,-0.048638,0.045079,-0.038601,0.024122,0.223607
0.085127,0.090772,0.152680,-0.170309,-0.340298,0.207346,0.080787,0.057661,-0.153278,0.240189,-0.324962,-0.019326,-0.086485,-0.359891,0.609540,0.099980,-0.083139,-0.010993,-0.028694,0.223607
0.052924,0.058256,0.103543,-0.134749,-0.312900,0.232184,0.073406,0.105107,0.008878,-0.026497,-0.163595,-0.361502,-0.196428,-0.246266,-0.668819,-0.177234,-0.018559,-0.099482,0.015643,0.223607
0.034148,0.040358,0.071783,-0.103245,-0.253131,0.220099,0.050139,0.345699,0.251573,-0.168195,0.356093,0.223377,-0.025079,0.196091,0.141030,-0.137017,0.579766,-0.113707,-0.042098,0.223607
0.014295,0.017055,0.029929,-0.044674,-0.112245,0.102276,0.018726,0.204471,0.157643,-0.109908,0.249093,0.173352,0.062164,0.178139,0.064977,-0.339849,-0.751362,0.179190,-0.019851,0.223607
0.005239,0.006382,0.010361,-0.015495,-0.037330,0.035559,0.006705,0.085007,0.069264,-0.079180,0.164161,0.058232,0.044699,0.067165,-0.095271,0.732889,-0.238658,-0.446436,0.298788,0.223607
0.001491,0.001784,0.002602,-0.003493,-0.008249,0.008298,0.001659,0.020875,0.017007,-0.024503,0.048223,0.006856,0.019338,0.019481,-0.139691,0.450425,0.009012,0.416326,-0.741337,0.223607
0.000471,0.000503,0.000722,-0.000589,-0.001466,0.001854,0.000608,0.008633,0.005433,-0.010561,0.020068,0.004321,0.018946,-0.048213,-0.060873,0.170085,0.146654,0.732443,0.596706,0.223607
-0.001926,-0.008257,0.007086,0.052620,0.126558,0.048491,-0.731047,-0.609793,0.037502,-0.123122,0.019819,-0.031526,0.012529,-0.018503,0.048129,-0.032351,-0.002237,0.010555,-0.023104,0.223607
-0.002089,-0.019386,0.019925,0.023827,0.088399,0.075130,-0.057971,0.034708,-0.048107,0.339321,-0.100816,0.122603,0.266353,-0.041838,-0.313809,0.327523,-0.090179,-0.041837,0.706865,0.223607
-0.000955,-0.058597,0.054218,0.060383,0.196929,0.161475,-0.099432,0.149863,-0.104225,0.511281,-0.213723,0.162380,0.175652,-0.124768,-0.159677,0.053177,-0.052731,-0.157039,-0.629505,0.223607
0.006198,-0.100842,0.086487,0.106565,0.302718,0.233965,-0.106703,0.289476,-0.133072,0.238004,0.001222,-0.002402,-0.264350,0.116837,0.419012,-0.423578,0.118123,0.312403,0.234448,0.223607
0.015786,-0.129718,0.096243,0.138611,0.286640,0.181009,0.013447,0.213077,-0.018042,-0.332922,0.207781,-0.107444,-0.181034,-0.010665,0.111223,0.215817,0.048556,-0.694285,0.042847,0.223607
0.019949,-0.194431,0.134635,0.177323,0.263116,0.101551,0.125603,0.079142,0.063812,-0.344062,0.095744,-0.140929,0.054107,0.029002,-0.181231,0.408804,-0.086318,0.604868,-0.179216,0.223607
0.010860,-0.264063,0.170952,0.169671,0.086710,-0.106771,0.298967,-0.180963,0.133942,-0.172602,-0.024709,0.019047,0.322618,-0.337225,-0.231373,-0.570264,0.162024,-0.071477,0.066997,0.223607
0.002210,-0.298192,0.156346,0.128450,-0.096479,-0.259669,0.250928,-0.263636,0.118663,0.123557,-0.180179,0.043751,-0.033687,0.488026,0.266184,0.022355,-0.472350,-0.114691,-0.016634,0.223607
-0.020660,-0.289969,0.099937,0.024050,-0.319429,-0.249823,0.043015,-0.109652,-0.030695,0.235303,0.075698,-0.055648,-0.215222,0.017536,0.037960,0.273355,0.697459,0.027076,-0.038648,0.223607
-0.066760,-0.287362,-0.003780,-0.079337,-0.442185,-0.150533,-0.213422,0.256524,-0.232810,-0.080427,0.191526,0.100831,-0.109659,-0.474960,0.089250,-0.014340,-0.411820,0.064398,0.008506,0.223607
-0.127906,-0.193314,-0.189380,-0.259234,-0.320987,0.232066,-0.209346,0.302938,0.062425,-0.234265,-0.259302,-0.204640,0.257102,0.434220,-0.184330,-0.169078,0.115323,-0.040441,-0.026039,0.223607
-0.230707,-0.059212,-0.436718,-0.284690,-0.023198,0.445021,0.312154,-0.269266,0.261421,0.011779,0.067505,0.277717,-0.048460,-0.178412,0.237858,0.100546,0.013753,0.040034,-0.012283,0.223607
-0.245215,0.106566,-0.433793,-0.035837,0.176453,-0.205049,0.167575,-0.144077,-0.360908,0.151730,0.154037,-0.526331,-0.167591,0.031027,-0.237025,-0.114084,-0.118073,-0.018005,-0.022204,0.223607
-0.250242,0.276636,-0.310449,0.245108,0.122602,-0.449761,-0.053542,0.183061,-0.114676,-0.233865,-0.080649,0.426865,0.250726,0.088509,0.211951,0.054397,0.155615,0.027485,-0.024256,0.223607
-0.168983,0.389772,0.033256,0.351902,-0.214423,-0.005100,-0.050942,0.147232,0.584740,0.083888,-0.219790,-0.263151,-0.251957,-0.192927,-0.038731,-0.005388,-0.072817,0.000762,0.016006,0.223607
-0.062550,0.411422,0.290208,0.179269,-0.342511,0.292786,0.112228,-0.095824,-0.201160,0.048679,0.525435,0.089961,0.194453,0.238636,-0.041192,-0.089409,-0.011919,0.009168,-0.062943,0.223607
0.042342,0.299740,0.295855,-0.209833,-0.069611,0.106068,0.182631,-0.157497,-0.433319,-0.251438,-0.579643,0.009981,-0.195035,-0.141360,0.042543,0.059381,0.037383,0.009491,0.025122,0.223607
0.108164,0.210928,0.229086,-0.557915,0.158947,-0.262303,0.000135,0.095739,0.216983,0.089002,0.159087,-0.297680,0.358089,-0.103845,0.336680,0.069212,0.003895,0.009810,-0.025208,0.223607
0.109983,0.108686,0.091358,-0.371685,0.145218,-0.204743,-0.038797,0.074517,0.207763,-0.045165,0.167869,0.406757,-0.448731,0.189128,-0.455360,-0.154832,-0.037333,0.013746,-0.025587,0.223607
0.862500,0.099595,-0.391469,0.140751,-0.125467,0.016193,0.054519,0.004431,-0.010237,-0.014676,-0.006911,-0.030144,0.024098,-0.008419,0.041939,-0.011243,0.003646,0.007979,-0.015164,0.223607
-0.653162,0.615959,-0.360430,0.008923,0.039906,-0.003765,0.100087,-0.019860,0.009679,0.001793,0.007655,0.001809,0.022219,-0.019164,-0.014804,-0.002809,-0.015013,0.021953,0.003496,-0.223607
-0.539423,-0.332736,0.587890,0.415477,-0.062470,-0.109413,0.105836,-0.010769,0.021166,-0.015729,0.003489,0.016411,0.021551,-0.022905,-0.015374,-0.003577,-0.013633,0.021610,0.003812,-0.223607
-0.257305,-0.543370,-0.256186,-0.377787,0.450302,0.401310,0.078259,-0.079926,-0.011452,0.031344,0.034744,-0.007074,0.017062,-0.012379,-0.017809,-0.000921,-0.018928,0.018986,0.001342,-0.223607
-0.000010,-0.369483,-0.476432,0.009784,-0.204218,-0.666679,0.118175,0.215769,0.183856,-0.016952,-0.012787,0.053812,0.024018,-0.027520,-0.020952,-0.006218,-0.014060,0.022845,0.005504,-0.223607
0.145256,-0.124903,-0.318465,0.404963,-0.317170,0.228001,0.129870,-0.415254,-0.496358,-0.215152,-0.044873,-0.091581,0.033473,-0.025870,0.015778,-0.004929,0.013693,0.026194,-0.001877,-0.223607
0.213838,0.028236,-0.152082,0.451374,-0.002804,0.331120,0.047946,0.028433,0.524250,0.489767,0.185704,0.052033,0.016250,-0.008344,-0.054986,0.020494,-0.086354,0.020970,0.016622,-0.223607
0.210748,0.108819,0.000789,0.277880,0.395686,0.112877,0.142952,0.427900,0.073664,-0.488998,-0.415773,0.119134,-0.002531,-0.065917,0.003421,-0.044607,0.074940,0.010422,0.000090,-0.223607
0.194088,0.123363,0.088230,0.098957,0.447297,-0.263061,0.116897,0.114193,-0.332484,0.061177,0.577597,-0.346896,0.064331,0.019693,0.015732,0.033122,-0.085255,0.037941,-0.027056,-0.223607
0.153188,0.104791,0.112397,-0.052355,0.280764,-0.271014,0.130997,-0.365555,-0.208194,0.380165,-0.306832,0.523118,-0.122137,0.146684,-0.035022,-0.016548,-0.032825,0.048705,0.007660,-0.223607
0.129688,0.093886,0.130675,-0.141904,0.101333,-0.165241,-0.041879,-0.553638,0.425398,-0.245185,-0.090361,-0.262865,0.416536,-0.178612,-0.059397,0.034068,0.095747,-0.041751,0.044340,-0.223607
0.104206,0.079281,0.144455,-0.240901,-0.195547,0.066895,0.300649,-0.106423,0.179952,-0.301633,0.357212,0.234682,-0.538899,-0.274457,0.052099,-0.149153,-0.107820,0.021655,-0.026280,-0.223607
0.089586,0.065820,0.155033,-0.274044,-0.294178,0.136327,0.365875,0.199199,-0.043307,0.006140,-0.026579,-0.068761,0.220568,0.428105,-0.551949,0.054458,-0.010598,0.064797,0.092950,-0.223607
0.059556,0.043920,0.108192,-0.195736,-0.213169,0.106155,0.194612,0.173032,-0.050504,0.106674,0.017825,0.129249,0.410873,0.049776,0.730803,0.016935,0.105210,0.007906,-0.149143,-0.223607
0.048833,0.035291,0.087056,-0.144740,-0.124718,0.032012,-0.033286,0.182191,-0.188219,0.292109,-0.239109,-0.185808,-0.102957,-0.645716,-0.132034,0.445394,0.081472,-0.060584,0.029028,-0.223607
0.034103,0.023195,0.059050,-0.094742,-0.085517,0.011848,-0.209794,0.100427,-0.093167,0.193850,-0.211141,-0.265714,-0.008173,-0.141597,-0.009074,-0.805165,-0.189424,0.053939,0.074567,-0.223607
0.022116,0.015726,0.036738,-0.058383,-0.047951,-0.004598,-0.246998,-0.025935,0.080670,-0.096120,-0.201551,-0.240969,-0.244821,0.326139,0.238367,0.342808,-0.642079,0.110707,0.030125,-0.223607
0.014687,0.009594,0.020636,-0.030286,-0.035482,-0.003517,-0.279454,-0.014548,0.060314,0.017694,-0.013665,-0.162627,-0.289684,0.220759,0.001974,0.026518,0.569041,0.494804,-0.369039,-0.223607
0.009850,0.006525,0.011520,-0.017371,-0.028538,0.006501,-0.234022,0.031874,-0.012831,-0.017104,0.090207,0.010144,-0.166744,0.196584,0.152557,0.035448,0.368599,-0.269800,0.764495,-0.223607
0.007300,0.005079,0.007972,-0.012644,-0.030966,0.003220,-0.198515,0.015719,-0.009667,-0.012030,0.016844,-0.000185,-0.094973,0.170472,-0.091971,-0.026562,0.069179,-0.786974,-0.487024,-0.223607
0.012858,0.011008,0.012962,-0.026463,-0.072560,0.051021,-0.588206,0.103171,-0.112765,-0.171813,0.271394,0.492090,0.324038,-0.135732,-0.207359,0.051245,-0.161892,0.175677,-0.013614,-0.223607
-0.003955,-0.007706,-0.006868,0.018331,0.010605,-0.027073,0.027932,-0.042958,-0.024644,-0.074190,-0.019941,-0.053937,-0.092600,-0.078841,-0.097973,-0.142457,0.090749,0.209687,0.916387,0.223607
-0.020493,-0.046204,-0.047007,0.101192,0.012756,-0.145079,0.055958,-0.149635,0.046492,-0.309570,-0.170580,-0.004469,-0.358968,0.022978,-0.111487,-0.574554,0.446179,0.065393,-0.293037,0.223607
-0.066962,-0.122233,-0.169830,0.251046,0.129438,-0.330986,0.249772,-0.291457,0.126264,-0.510518,0.231373,0.059443,0.288450,0.208244,0.128894,0.239396,-0.134438,-0.112672,0.013027,0.223607
-0.141124,-0.212484,-0.294171,0.346199,0.234218,-0.268709,0.157091,0.065255,-0.129261,0.453117,0.011928,-0.002924,-0.083934,-0.351868,-0.332372,0.002744,-0.214530,0.039823,-0.106901,0.223607
-0.209293,-0.268100,-0.294201,0.184219,0.069901,0.150091,-0.139989,0.317082,-0.036027,0.233584,-0.157212,-0.099716,0.036602,0.463133,0.448452,0.029710,0.237048,-0.004653,0.041496,0.223607
-0.311290,-0.291397,-0.220461,-0.118322,-0.134779,0.545478,-0.250958,0.065190,0.058222,-0.377466,0.052725,-0.043767,0.039660,-0.313991,-0.203048,0.050494,-0.144011,-0.048109,-0.071280,0.223607
-0.357120,-0.146961,0.066943,-0.457225,-0.205633,0.013416,0.215826,-0.356161,-0.033017,0.326672,0.163178,0.440633,-0.043588,0.194452,-0.003417,-0.053256,0.009730,-0.011478,-0.007801,0.223607
-0.354164,0.040373,0.318139,-0.339423,0.064210,-0.247214,0.196150,0.118145,-0.106967,-0.038348,-0.101485,-0.559539,0.135126,-0.257444,0.235749,0.047658,0.040581,0.037000,-0.084554,0.223607
-0.247483,0.215776,0.331963,0.004583,0.198980,-0.108254,-0.124957,0.361055,0.066052,-0.147026,-0.219617,0.207521,-0.216428,0.346068,-0.404788,0.232730,-0.136190,-0.119305,0.002714,0.223607
-0.179820,0.339412,0.282972,0.293305,0.214246,0.098018,-0.275043,0.032989,0.100411,0.078358,0.327046,0.323812,0.172703,-0.294905,0.327598,-0.218816,0.058471,0.006740,-0.024909,0.223607
-0.055796,0.384641,0.039416,0.255902,-0.097492,0.316789,-0.046723,-0.453152,-0.119582,0.172862,0.003907,-0.433792,0.083563,0.306352,-0.211947,-0.012968,-0.128849,0.112592,-0.083270,0.223607
0.070668,0.378315,-0.188289,0.109562,-0.258617,0.139369,0.306497,-0.013166,-0.127961,-0.028539,-0.224257,0.156004,-0.283479,-0.278066,0.202487,0.412563,0.217969,-0.256245,0.011286,0.223607
0.151763,0.295122,-0.260690,-0.146283,-0.197122,0.012233,0.273884,0.334734,0.214621,-0.042578,-0.170104,0.131726,0.252761,0.055610,0.058887,-0.294471,-0.371186,0.357158,-0.088212,0.223607
0.216440,0.197550,-0.249058,-0.262951,-0.026095,-0.111136,-0.090552,0.228323,0.009246,0.101639,0.414615,-0.152378,0.237267,0.067414,-0.294318,-0.086186,0.316098,-0.445606,0.026011,0.223607
0.242440,0.076525,-0.176014,-0.278750,0.207952,-0.100171,-0.281919,-0.030143,-0.172854,-0.072058,0.342284,-0.046364,-0.444732,0.039524,0.169893,0.239557,-0.114206,0.418151,-0.123071,0.223607
0.275404,-0.043015,-0.037116,-0.212599,0.306218,-0.007229,-0.235049,-0.257401,-0.184145,0.012878,-0.428610,0.063036,0.060666,-0.040674,0.179531,-0.209782,-0.337258,-0.436301,0.054500,0.223607
0.288547,-0.139579,0.125021,-0.095616,0.255089,0.121198,-0.015731,-0.128344,0.144059,0.082716,-0.273094,0.142498,0.401411,-0.097901,-0.188494,0.311336,0.416579,0.341055,-0.102442,0.223607
0.323664,-0.257534,0.316676,0.054586,0.113194,0.296066,0.349702,0.074900,0.465549,0.123838,0.203912,-0.173996,-0.290846,0.030375,0.081566,-0.024020,-0.137994,-0.177629,-0.004498,0.223607
0.277667,-0.260294,0.351673,0.181772,-0.307168,0.037451,0.082733,0.208636,-0.653635,-0.113625,0.127272,0.111578,0.131306,0.058447,-0.027137,-0.067048,-0.047529,0.039728,-0.061485,0.223607
0.100909,-0.132210,0.110900,0.110472,-0.589902,-0.384258,-0.454625,-0.083891,0.357181,0.128254,-0.113340,-0.065368,-0.024939,-0.078907,0.041924,0.117369,-0.067214,-0.015327,-0.013961,0.223607
-0.001477,-0.002202,-0.004592,-0.007317,0.007394,0.004277,0.007608,-0.005206,-0.007764,-0.011375,0.071834,-0.040199,0.086862,-0.072245,0.138849,-0.044144,-0.051485,-0.267366,-0.913601,0.223607
-0.004471,-0.007127,-0.016466,-0.023483,0.023459,0.016704,0.024609,-0.018018,-0.020992,-0.017077,0.225284,-0.067523,0.228586,-0.133515,0.378098,-0.171472,-0.299280,-0.644082,0.380071,0.223607
-0.010504,-0.015237,-0.028128,-0.040047,0.034422,0.027977,0.042625,-0.053681,-0.029773,0.014280,0.384236,-0.002661,0.063478,-0.154009,0.281966,0.111367,0.812907,0.076771,0.074126,0.223607
-0.021552,-0.031947,-0.057251,-0.074865,0.063929,0.054760,0.061834,-0.108819,-0.053792,0.019396,0.584388,0.002638,0.066943,-0.263520,-0.054289,0.040057,-0.453116,0.536831,-0.010868,0.223607
-0.033343,-0.047789,-0.079675,-0.107696,0.100039,0.085177,0.080882,-0.177102,-0.059879,0.158519,0.237533,0.242660,-0.274682,0.093699,-0.651404,0.220200,0.059621,-0.409101,0.038785,0.223607
-0.064622,-0.085043,-0.145612,-0.200465,0.193025,0.141310,0.161706,-0.238018,-0.108291,0.211565,-0.109491,0.280126,-0.004263,0.524013,0.196412,-0.496130,0.011823,0.175379,-0.000358,0.223607
-0.110138,-0.112366,-0.200669,-0.230812,0.223999,0.102438,0.115098,-0.085036,-0.107860,0.078082,-0.507217,0.039908,-0.309347,-0.560359,0.174881,0.166535,-0.046965,0.042877,0.043608,0.223607
-0.177612,-0.142554,-0.262720,-0.221580,0.196952,-0.035354,0.001312,0.177950,-0.043544,-0.197371,-0.154317,-0.482439,0.485461,0.048478,-0.384620,-0.104664,0.102628,0.041172,0.041894,0.223607
-0.246993,-0.148369,-0.214931,-0.003847,-0.028375,-0.228572,-0.213534,0.352727,0.066808,-0.354769,0.152137,-0.109578,-0.576995,0.262873,0.161749,-0.004349,-0.058738,0.010414,0.021551,0.223607
-0.344314,-0.134988,-0.130510,0.250936,-0.261136,-0.321217,-0.311485,0.128498,0.081306,0.226385,-0.118353,0.498447,0.297854,-0.161431,-0.082617,-0.051091,0.017244,0.052405,0.027255,0.223607
-0.378999,0.014854,0.151267,0.493629,-0.320520,0.066676,0.201638,-0.416976,-0.184520,0.008388,-0.098054,-0.385755,-0.129068,0.034816,-0.044530,-0.056838,0.008553,0.031800,0.034259,0.223607
-0.235259,0.312216,0.345442,0.200090,0.222059,0.423732,0.234120,0.429788,0.075981,-0.272096,-0.062960,0.275896,0.063230,-0.009803,-0.055277,-0.008889,0.000850,0.039495,0.027160,0.223607
-0.012620,0.484836,0.260266,-0.062173,0.250703,-0.145372,-0.405925,0.098816,0.024952,0.515761,-0.018296,-0.296919,-0.135939,0.010702,-0.025596,-0.088160,0.002183,0.039937,0.029956,0.223607
0.176021,0.513670,0.000138,-0.157884,-0.072205,-0.360426,-0.076701,-0.361976,-0.127555,-0.529252,-0.123893,0.195742,0.059168,-0.006010,-0.048613,-0.002021,0.007252,0.035220,0.031035,0.223607
0.365160,0.302076,-0.398401,0.032334,-0.474150,0.030165,0.380864,0.351542,0.027812,0.227914,-0.047913,-0.070708,-0.060716,-0.000869,-0.044631,-0.058257,0.000337,0.037190,0.028321,0.223607
0.490186,-0.130041,-0.230513,0.484140,0.176436,0.363900,-0.450767,-0.098734,0.002866,-0.128043,-0.082046,-0.005619,-0.005143,0.000243,-0.040592,-0.038329,0.009907,0.038256,0.030258,0.223607
0.357560,-0.327436,0.331904,0.254664,0.297578,-0.536841,0.372903,0.107303,0.012124,0.033606,-0.061020,-0.001181,-0.031281,-0.006295,-0.047865,-0.044544,0.000789,0.037757,0.029661,0.223607
0.188233,-0.293160,0.468346,-0.336761,-0.421639,0.177982,-0.226032,0.169204,-0.440440,-0.037476,-0.072852,0.015267,-0.011479,0.006889,-0.045066,-0.035574,0.005305,0.036793,0.030025,0.223607
0.061954,-0.133403,0.210354,-0.218993,-0.215618,0.113684,-0.017878,-0.204907,0.837330,-0.058117,-0.075290,-0.067625,-0.044551,-0.044243,-0.055464,-0.101309,0.015044,0.035308,0.030664,0.223607
0.002788,-0.015992,0.001752,-0.029871,0.003649,0.018999,0.017124,-0.047356,0.055232,0.111679,-0.123711,-0.020474,0.231885,0.430586,0.248610,0.767612,-0.144861,0.052942,0.026198,0.223607
-0.001302,-0.000717,-0.000105,-0.000714,-0.001011,-0.007713,0.007164,-0.041096,-0.003281,0.009357,0.061605,-0.041067,-0.140860,-0.097620,-0.038535,-0.066875,0.333584,-0.184450,-0.872919,0.223607
-0.004334,-0.002321,-0.001931,-0.003473,-0.001619,-0.027973,0.022169,-0.148895,-0.023467,0.034738,0.200348,-0.149455,-0.686152,-0.297511,-0.394479,0.031850,0.161499,-0.107372,0.329734,0.223607
-0.009344,-0.006756,-0.006226,-0.010819,-0.001723,-0.059775,0.052452,-0.271310,-0.055584,0.060842,0.309382,-0.232987,-0.174734,0.019193,0.256265,0.185194,-0.621430,0.387431,-0.214096,0.223607
-0.022824,-0.017574,-0.018317,-0.026350,0.003504,-0.084265,0.080423,-0.365149,-0.072013,0.080153,0.268775,-0.228912,0.144240,0.193121,0.549248,-0.119033,0.379299,-0.288594,0.252738,0.223607
-0.052162,-0.040554,-0.051384,-0.056755,0.023197,-0.101401,0.121135,-0.442712,-0.100497,0.103557,-0.053703,-0.106283,0.477105,0.187692,-0.620863,0.184116,0.016827,0.027728,-0.001258,0.223607
-0.149305,-0.122374,-0.171821,-0.170756,0.097748,-0.074918,0.161813,-0.291784,-0.079836,0.095759,-0.703695,0.322173,-0.236681,-0.046926,0.226416,0.007536,-0.053737,0.015941,0.018848,0.223607
-0.315597,-0.258905,-0.387648,-0.376265,0.249657,0.020256,0.326212,0.506534,0.065191,-0.040248,0.159139,-0.140643,0.052493,0.080085,-0.025661,0.060665,0.004421,-0.004676,0.035586,0.223607
-0.372350,-0.173996,-0.216656,0.080211,-0.093742,0.281119,-0.783915,-0.017065,0.098405,0.052575,-0.034500,-0.038459,0.027478,0.066707,0.005002,0.060465,-0.001414,-0.002222,0.032683,0.223607
-0.352533,0.026353,0.078401,0.605975,-0.363312,0.147202,0.323554,0.220334,-0.364790,-0.015892,-0.070897,-0.004714,0.008897,0.049832,0.014795,0.050197,-0.003284,-0.002708,0.032910,0.223607
-0.264639,0.324955,0.272847,0.264540,0.265507,-0.236088,0.060646,0.064264,0.685083,0.073202,-0.099793,-0.041459,0.008109,0.072316,0.010262,0.054630,-0.007532,-0.001602,0.032952,0.223607
-0.036030,0.611668,0.220893,-0.242174,0.373275,0.148177,-0.183159,0.167179,-0.484594,0.006937,-0.049595,-0.007472,0.016167,0.051383,0.011120,0.053651,-0.000187,-0.002392,0.032112,0.223607
0.275689,0.462088,-0.318951,-0.216513,-0.532314,0.318810,0.126689,0.028143,0.302569,-0.031117,-0.088401,-0.040981,0.013832,0.060561,0.011132,0.053769,-0.005520,-0.002243,0.033185,0.223607
0.455941,0.051074,-0.448511,0.345356,0.105030,-0.509061,-0.198887,0.247707,-0.133816,0.134807,-0.059553,-0.002980,0.009196,0.064915,0.008499,0.054353,-0.001248,-0.002029,0.031966,0.223607
0.425012,-0.243264,0.036017,0.292337,0.433211,0.571578,0.102619,-0.055070,0.105146,-0.258130,-0.088842,-0.060110,0.024076,0.035985,0.016185,0.054516,-0.005491,-0.004031,0.033832,0.223607
0.242811,-0.276998,0.411072,-0.150615,-0.141912,0.110813,-0.007601,0.238448,0.034754,0.703140,0.018526,0.130889,-0.010331,0.129389,-0.003487,0.049069,0.000452,0.002871,0.030830,0.223607
0.122714,-0.212720,0.374118,-0.198037,-0.244841,-0.256693,-0.129645,0.168740,-0.026659,-0.411451,-0.338444,-0.477042,0.071825,-0.113671,0.046567,0.072996,-0.010224,-0.013423,0.037582,0.223607
0.042368,-0.085091,0.156611,-0.090555,-0.113120,-0.154682,-0.057206,0.003428,0.008430,-0.437146,0.222024,0.514626,-0.189164,0.563905,-0.083474,-0.042196,-0.009895,0.011767,0.013060,0.223607
0.012658,-0.026645,0.054903,-0.033830,-0.043264,-0.062221,-0.014034,-0.003573,0.029915,-0.132073,0.233764,0.443680,0.287363,-0.593878,0.139666,0.420640,0.147581,0.105287,0.067855,0.223607
0.002743,-0.006525,0.013270,-0.009526,-0.011042,-0.017351,-0.006927,-0.003259,0.009375,-0.024809,0.084441,0.137428,0.178780,-0.265708,-0.076547,-0.478233,-0.518853,-0.561975,0.018093,0.223607
0.000484,-0.001697,0.003418,-0.002036,-0.003227,-0.005813,-0.003504,-0.004863,0.005670,-0.004203,0.029419,0.023768,0.118362,-0.159770,-0.052110,-0.687309,0.195153,0.626691,0.054308,0.223607
-0.000805,-0.002053,-0.000547,-0.003799,0.001879,-0.005971,-0.006011,0.023434,-0.044434,-0.048668,-0.009571,-0.002833,0.010705,0.135878,-0.127812,0.154265,0.113048,-0.895673,0.266820,-0.223607
-0.006716,-0.009812,0.001746,-0.014040,-0.000030,-0.022779,-0.021688,0.090571,-0.152275,-0.190045,-0.105838,0.011136,0.009693,0.385999,-0.416746,0.387020,0.498131,0.233615,-0.307529,-0.223607
-0.029646,-0.033876,0.017764,-0.038082,-0.019815,-0.056340,-0.054798,0.190806,-0.304934,-0.411051,-0.324041,0.056212,-0.054888,0.057061,-0.163753,-0.700794,-0.093821,0.004376,0.010171,-0.223607
-0.110078,-0.123727,0.105852,-0.176046,-0.215966,-0.227246,-0.180596,0.147234,-0.120133,-0.282770,-0.284556,0.111727,-0.048720,-0.472000,0.384130,0.407572,-0.001006,0.032545,0.008225,-0.223607
-0.238314,-0.253044,0.232863,-0.331269,-0.427300,-0.334544,-0.222019,-0.135914,0.312840,0.275641,0.195189,-0.000267,0.055584,0.133121,-0.141007,-0.216991,0.036028,0.021321,-0.038271,-0.223607
-0.372205,-0.313302,0.259112,-0.056607,0.028465,0.468624,0.483731,-0.300531,-0.071197,0.045999,-0.155554,-0.206480,-0.122835,-0.074427,0.045545,0.002897,0.022310,0.024037,-0.020651,-0.223607
-0.377453,-0.153028,0.056499,0.331593,0.305786,0.219139,-0.170038,0.289366,0.247493,-0.041638,0.229069,0.471799,0.261761,-0.079027,0.017694,-0.041937,0.024371,0.025965,-0.025219,-0.223607
-0.312568,0.144905,-0.185923,0.479749,0.136378,-0.198892,-0.317690,-0.094820,0.123170,0.143343,-0.186524,-0.481823,-0.303059,-0.034124,0.030633,-0.021215,0.020391,0.024243,-0.020944,-0.223607
-0.214653,0.463023,-0.313171,0.149570,-0.292644,-0.144985,0.289551,-0.405163,-0.162869,0.037316,0.016508,0.330291,0.258419,-0.082847,0.015201,-0.037289,0.024863,0.024581,-0.025641,-0.223607
-0.037633,0.582350,-0.001164,-0.303083,-0.167563,0.345874,0.087524,0.386838,0.381128,-0.054611,0.058642,-0.130539,-0.196741,-0.042523,0.027214,-0.032297,0.022240,0.024729,-0.021355,-0.223607
0.208290,0.336163,0.449908,-0.170384,0.340864,0.151887,-0.388941,-0.310190,-0.170457,0.236862,-0.154091,0.026884,0.236919,-0.080252,0.017169,-0.032874,0.024397,0.024818,-0.025060,-0.223607
0.373418,0.060944,0.452258,0.337165,0.051277,-0.289297,0.294701,-0.149109,0.251756,-0.245615,0.197828,0.138790,-0.326278,-0.029732,0.036332,-0.030128,0.020100,0.025102,-0.022670,-0.223607
0.385906,-0.141382,0.046196,0.360208,-0.342073,0.095230,0.143279,0.307282,0.042359,0.301870,-0.225978,-0.220656,0.447957,-0.107777,-0.004481,-0.037270,0.026144,0.024212,-0.023131,-0.223607
0.332222,-0.211025,-0.312134,0.073672,-0.260947,0.428263,-0.328041,-0.216435,-0.044592,0.100380,0.052434,0.296182,-0.419684,0.022129,0.068344,-0.029247,0.022905,0.024149,-0.022079,-0.223607
0.206224,-0.162167,-0.351094,-0.182529,0.192786,0.033687,-0.044878,-0.296119,0.302397,-0.432846,0.191957,-0.319389,0.338959,-0.231528,-0.084586,-0.034769,0.022416,0.026209,-0.029670,-0.223607
0.130086,-0.115572,-0.293721,-0.262772,0.399545,-0.240842,0.262030,0.060964,0.269036,0.304976,-0.410370,0.231755,-0.071108,0.187933,0.208959,-0.036671,0.025612,0.022683,-0.017979,-0.223607
0.047049,-0.046431,-0.117953,-0.133194,0.199738,-0.154159,0.146615,0.220599,-0.350633,0.327276,0.353586,-0.030530,-0.210061,-0.490288,-0.371044,-0.011032,-0.002127,0.021521,-0.037119,-0.223607
0.013037,-0.015479,-0.034770,-0.043293,0.054222,-0.050086,0.027975,0.123109,-0.338642,0.006658,0.431537,-0.206912,0.067530,0.304023,0.607497,-0.123015,0.276864,0.084207,0.128217,-0.223607
0.003337,-0.004997,-0.009668,-0.013337,0.013402,-0.014513,0.003528,0.051217,-0.130597,-0.033322,0.127520,-0.069367,0.042555,0.279207,0.060338,0.191054,-0.714698,-0.111698,-0.514050,-0.223607
0.000502,-0.001488,-0.002051,-0.003522,0.001996,-0.003050,-0.004234,0.016861,-0.039415,-0.039757,0.002254,-0.005979,0.023291,0.219174,-0.209627,0.242719,-0.368166,0.339056,0.737936,-0.223607
-0.000317,-0.000737,-0.000619,-0.000344,0.000102,-0.000312,0.004656,-0.003379,0.000584,-0.003188,-0.008112,0.023509,0.016990,-0.141280,-0.079582,0.152710,0.049805,-0.381083,-0.867023,-0.223607
-0.001764,-0.002262,-0.003432,-0.002642,-0.001176,0.004244,0.020916,-0.009592,0.006593,-0.005381,-0.037064,0.026312,0.064270,-0.303090,0.049855,-0.008365,0.415280,-0.698330,0.434297,-0.223607
-0.006329,-0.009015,-0.012744,-0.009005,-0.007468,0.017597,0.065622,-0.022488,0.019043,-0.009774,-0.105650,0.068902,0.180118,-0.576325,0.131627,-0.059787,0.453734,0.573250,-0.090039,-0.223607
-0.021996,-0.031526,-0.044433,-0.029606,-0.033683,0.069508,0.205373,-0.086418,0.101038,-0.008102,-0.342615,0.030740,0.364308,-0.172061,0.398884,-0.234211,-0.611017,-0.104148,0.031284,-0.223607
-0.054071,-0.080893,-0.114087,-0.077351,-0.096652,0.163534,0.423837,-0.155759,0.198626,0.009888,-0.404655,-0.049556,0.192350,0.521698,-0.231149,0.139544,0.297832,0.069407,0.014378,-0.223607
-0.127475,-0.184324,-0.258927,-0.158223,-0.211516,0.225973,0.448451,-0.011068,0.046079,0.082395,0.364965,-0.089562,-0.564829,-0.109753,0.117038,-0.074735,-0.095013,0.027437,0.019742,-0.223607
-0.230014,-0.291951,-0.397018,-0.163728,-0.233995,-0.025913,-0.285178,0.318630,-0.285598,0.057403,0.280199,0.098416,0.424563,0.185147,0.008652,-0.003201,0.014768,0.029286,0.019969,-0.223607
-0.283364,-0.218058,-0.242289,0.083365,0.058268,-0.290093,-0.452079,-0.050027,0.138193,-0.015844,-0.469666,-0.154861,-0.438307,0.017090,0.053966,-0.029100,-0.011293,0.039827,0.016716,-0.223607
-0.313847,-0.050119,0.043225,0.368818,0.363904,-0.273798,0.067281,-0.336285,0.335062,0.060324,0.465690,0.053026,0.186033,0.113829,0.030780,-0.020381,-0.008039,0.033207,0.020172,-0.223607
-0.385765,0.173591,0.299001,0.406377,0.180770,0.161973,0.188943,0.438966,-0.429552,0.051121,-0.134190,-0.037366,-0.106120,0.090683,0.037576,-0.018910,-0.004817,0.032712,0.018029,-0.223607
-0.266913,0.476917,0.316866,-0.117364,-0.496313,0.235136,-0.337900,-0.076193,0.307264,0.007278,0.105984,-0.022418,-0.008524,0.076258,0.035914,-0.023383,-0.008179,0.034704,0.018370,-0.223607
0.070620,0.553521,-0.143525,-0.331321,0.032215,-0.596792,0.183603,-0.074164,-0.289304,0.107876,0.007395,-0.005097,-0.059372,0.096195,0.040970,-0.020917,-0.006473,0.033917,0.018538,-0.223607
0.346706,0.340568,-0.387960,0.075403,0.360269,0.242014,-0.115509,0.418700,0.352273,-0.168850,0.081011,-0.116377,-0.008979,0.070895,0.020637,-0.027428,-0.010989,0.033824,0.018196,-0.223607
0.416205,0.066034,-0.165209,0.424060,-0.128803,0.228985,-0.196115,-0.382853,-0.301032,0.396153,-0.011003,0.190827,-0.085605,0.111037,0.076983,-0.003120,0.001274,0.034408,0.018932,-0.223607
0.370614,-0.175036,0.191084,0.349906,-0.425419,-0.344267,0.089388,0.133606,0.007138,-0.345405,0.097985,-0.396163,0.040631,0.038248,-0.046371,-0.067849,-0.022591,0.033403,0.017946,-0.223607
0.260059,-0.250210,0.380393,-0.163811,0.031483,-0.184581,-0.001898,0.322061,0.236652,0.186191,-0.013489,0.558638,-0.163947,0.175064,0.204165,0.071933,0.022670,0.035396,0.019068,-0.223607
0.144205,-0.187200,0.312061,-0.325612,0.274760,0.103814,-0.133443,-0.014242,-0.040802,0.469029,0.056855,-0.554367,0.084787,-0.016673,-0.161087,-0.132852,-0.042910,0.031521,0.019145,-0.223607
0.063492,-0.098726,0.174816,-0.253149,0.255701,0.205984,-0.140467,-0.308358,-0.304543,-0.589618,0.088627,-0.018865,-0.067281,0.189382,0.325307,0.139195,0.055898,0.039704,0.006970,-0.223607
0.017442,-0.027253,0.046854,-0.067756,0.069363,0.052292,-0.034028,-0.086382,-0.082767,-0.251986,-0.013016,0.338200,-0.067934,-0.086552,-0.653846,-0.529320,-0.141433,0.014146,0.033200,-0.223607
0.002511,-0.003319,0.005942,-0.008016,0.008191,0.004701,-0.001455,-0.014754,-0.014948,-0.029511,-0.009251,0.056061,0.016846,-0.279794,-0.360321,0.750176,-0.348507,0.087409,0.212110,-0.223607
-0.000469,-0.001727,-0.001841,0.000426,0.001064,-0.003209,-0.004630,-0.002706,-0.002287,-0.026594,-0.085140,-0.029152,0.231453,0.198658,-0.170552,-0.407206,-0.044665,-0.332973,-0.735075,0.223607
-0.002941,-0.013196,-0.034662,-0.028188,-0.014262,-0.009828,0.022598,-0.007116,0.024340,-0.041241,-0.217527,-0.069895,0.317263,0.395266,-0.164516,-0.465567,0.076337,0.499555,0.369285,0.223607
-0.014469,-0.125637,-0.404063,-0.389667,-0.190940,-0.113259,0.409521,-0.040096,0.091556,0.005668,-0.191235,-0.082966,-0.143807,0.138012,0.486208,0.081932,0.242408,-0.047753,-0.067431,0.223607
-0.033331,-0.167636,-0.458592,-0.343514,-0.152804,0.037275,0.027251,0.050625,-0.017703,0.131284,0.252881,0.018193,-0.022814,-0.339378,-0.563991,0.001884,-0.207174,0.056765,0.051723,0.223607
-0.058881,-0.147279,-0.248044,0.026639,0.032398,0.296994,-0.656682,0.159122,-0.111030,0.164841,0.318351,0.035852,-0.047206,0.197760,0.325762,-0.025446,0.159815,0.026836,-0.017344,0.223607
-0.109963,-0.191460,-0.178444,0.334230,0.112686,0.226895,-0.205511,-0.040217,0.248326,-0.106427,-0.645277,-0.188020,-0.153758,-0.272040,-0.105042,0.123225,0.026267,-0.019273,-0.003621,0.223607
-0.217223,-0.261496,-0.077099,0.591804,0.105031,0.038627,0.429654,-0.172155,0.190219,0.036704,0.450592,0.054124,-0.021132,0.046976,0.032232,-0.034386,0.033970,0.043916,0.006619,0.223607
-0.379808,-0.169428,0.287767,0.134819,-0.265500,-0.248149,0.074676,0.375293,-0.508269,0.304420,-0.165409,-0.053121,-0.083019,-0.080394,-0.010394,0.034961,0.036746,0.018028,0.003477,0.223607
-0.432084,0.060702,0.434964,-0.273444,-0.281630,-0.027977,-0.170893,-0.007101,0.551870,-0.211160,0.164474,-0.036798,-0.065422,-0.048125,0.000940,0.015367,0.037453,0.022530,0.001237,0.223607
-0.285511,0.450776,0.114256,-0.179644,0.246809,0.443244,0.145572,-0.427484,-0.242943,0.295939,-0.050703,-0.001754,-0.062999,-0.057019,-0.001221,0.021049,0.036643,0.021221,0.003361,0.223607
0.008026,0.636395,-0.199817,0.142537,0.203608,-0.070698,0.118337,0.600356,0.109729,-0.149474,0.092639,-0.102932,-0.074108,-0.049698,-0.003278,0.020352,0.036225,0.023214,0.003173,0.223607
0.309434,0.365275,-0.076278,0.282380,-0.463976,-0.330264,-0.195678,-0.334532,0.126059,0.334848,-0.037815,0.147582,-0.058467,-0.061387,0.004754,0.011145,0.040827,0.022148,0.001784,0.223607
0.445274,-0.024860,0.229369,0.063672,-0.377239,0.410354,0.127792,-0.000711,-0.233411,-0.318422,0.151049,-0.420402,-0.080414,-0.049716,-0.007893,0.039856,0.030154,0.021660,0.004894,0.223607
0.415250,-0.181904,0.322239,-0.118390,0.150400,0.244475,0.163672,0.299628,0.255682,0.332630,-0.101156,0.474985,-0.080245,-0.072433,0.011044,-0.035836,0.044655,0.026867,0.001936,0.223607
0.217316,-0.130009,0.179240,-0.131234,0.434778,-0.356775,-0.086319,-0.087254,0.110245,0.293715,0.115141,-0.569880,0.082994,0.059556,-0.057309,0.232284,0.031407,-0.003650,-0.004399,0.223607
0.093249,-0.063924,0.077128,-0.073914,0.284122,-0.307718,-0.102983,-0.179258,-0.220935,-0.335868,0.069825,0.139504,-0.315395,-0.417279,0.186692,-0.451121,0.046050,0.083937,0.023846,0.223607
0.029216,-0.019548,0.022185,-0.022993,0.099258,-0.123994,-0.048749,-0.096255,-0.151009,-0.280728,-0.045844,0.267964,-0.450289,0.554428,-0.321199,0.341133,-0.070995,-0.010038,-0.022901,0.223607
0.012374,-0.010065,0.009206,-0.011778,0.053493,-0.073408,-0.030936,-0.062427,-0.154680,-0.274782,0.011125,0.279915,0.584692,-0.177624,-0.082509,0.357396,0.488927,-0.099704,0.039574,0.223607
0.003807,-0.003659,0.002287,-0.003501,0.018398,-0.025436,-0.012536,-0.022523,-0.054855,-0.120574,-0.048172,0.117608,0.299857,-0.058818,0.333727,0.265908,-0.695545,0.346828,-0.187291,0.223607
0.000733,-0.001319,0.000200,-0.000239,0.004305,-0.007149,-0.004158,-0.005190,-0.010904,-0.034779,-0.037799,0.019197,0.142819,0.093256,0.106545,-0.126930,-0.349503,-0.700113,0.527153,0.223607
-0.000523,-0.000353,-0.001262,-0.000886,-0.000125,0.000420,-0.000066,-0.002724,-0.005620,-0.004710,0.036957,-0.009791,-0.071079,-0.192637,-0.088660,0.137041,0.641927,-0.428631,-0.532802,0.223607
-0.004453,-0.006076,-0.014944,-0.030977,-0.036323,-0.000662,0.008659,-0.004943,-0.005587,-0.011566,0.144684,-0.087295,-0.521638,-0.269752,-0.675697,-0.085300,-0.312291,-0.092631,0.061659,0.223607
-0.023130,-0.058832,-0.140648,-0.395938,-0.507795,-0.031130,0.099560,0.024140,0.104641,0.022709,-0.265848,0.102990,0.546539,-0.060361,-0.317868,0.015103,-0.061064,-0.001309,0.006392,0.223607
-0.049168,-0.081069,-0.192740,-0.378698,-0.439027,0.015176,0.054942,0.043405,0.081487,0.026615,0.131491,-0.033111,-0.505899,0.302706,0.430657,-0.053722,0.005052,-0.029339,0.005807,0.223607
-0.121482,-0.127229,-0.293584,-0.034926,0.175908,0.212629,-0.208275,0.155471,-0.045556,0.134168,0.737035,0.103472,0.317903,0.090238,-0.041003,-0.008721,-0.052824,-0.004988,0.012587,0.223607
-0.266093,-0.232490,-0.481976,0.066161,0.370506,0.245788,-0.191175,0.126285,0.088820,0.050717,-0.555747,-0.002438,-0.096330,0.084996,0.005388,-0.023664,-0.035943,-0.023359,0.005510,0.223607
-0.418507,-0.161281,-0.082292,0.332982,0.052341,-0.367656,0.545122,-0.281182,0.227992,-0.171814,0.119503,0.050077,0.066707,0.107088,0.021644,-0.019360,-0.041015,-0.015859,0.008698,0.223607
-0.482679,0.093108,0.478065,0.294954,-0.242889,0.003771,-0.155559,0.400725,-0.140033,0.330141,-0.086409,0.024455,0.002845,0.099032,0.015954,-0.020689,-0.038148,-0.018494,0.007536,0.223607
-0.205087,0.377939,0.321073,-0.158004,0.101725,0.389621,-0.221570,-0.309256,0.361594,-0.426762,0.010479,0.046127,0.041672,0.102936,0.017455,-0.019822,-0.040911,-0.016647,0.008348,0.223607
0.076394,0.566784,-0.035279,-0.264147,0.355300,-0.033418,0.388464,-0.047138,-0.089891,0.496527,-0.058516,0.015654,0.014467,0.101324,0.017435,-0.021013,-0.038656,-0.018814,0.007904,0.223607
0.292083,0.405954,-0.217312,0.235699,-0.020260,-0.283939,-0.039320,0.543436,0.085882,-0.437298,-0.015654,0.080354,0.023537,0.103954,0.016388,-0.019448,-0.039535,-0.016436,0.007953,0.223607
0.381330,0.093431,-0.138904,0.502718,-0.270674,0.046430,-0.255982,-0.403438,0.252253,0.368120,-0.026561,-0.077500,0.034384,0.102074,0.017231,-0.022674,-0.038130,-0.018662,0.007644,0.223607
0.355646,-0.259769,0.206600,0.189187,-0.022315,0.559771,0.462042,0.109422,-0.188341,-0.114465,-0.050500,0.273709,-0.010429,0.095907,0.019069,-0.012336,-0.044304,-0.018742,0.009228,0.223607
0.286110,-0.387010,0.382354,-0.194107,0.283793,-0.210924,-0.024705,0.217667,0.444905,0.105653,0.003740,-0.361139,0.081706,0.112598,0.014341,-0.033516,-0.031131,-0.015856,0.005794,0.223607
0.120966,-0.168412,0.167678,-0.135520,0.161000,-0.388985,-0.302166,-0.204845,-0.175366,0.012149,-0.070068,0.705055,-0.082107,0.046171,0.040270,0.028466,-0.069388,-0.028812,0.012789,0.223607
0.039396,-0.040790,0.033572,-0.022618,0.029316,-0.109118,-0.108521,-0.224398,-0.584444,-0.215768,-0.051637,-0.403826,0.102290,0.409745,-0.148851,-0.309211,0.127466,0.062925,-0.006834,0.223607
0.012675,-0.010505,0.007524,-0.004746,0.006784,-0.033438,-0.036182,-0.094225,-0.271586,-0.106393,-0.023207,-0.276861,0.070922,-0.161819,0.225735,0.720998,-0.364283,-0.202055,0.022155,0.223607
0.005039,-0.002502,0.002134,-0.000729,0.001910,-0.011012,-0.012305,-0.033496,-0.103059,-0.041056,-0.013017,-0.088116,0.111937,-0.631705,0.406610,-0.546074,-0.119940,-0.172295,0.095616,0.223607
0.001256,-0.000568,0.000212,-0.000200,0.000478,-0.002467,-0.002335,-0.009989,-0.026446,-0.010642,0.012899,-0.037333,-0.058558,-0.244523,0.059587,0.080898,0.003436,0.818714,-0.451546,0.223607
0.000227,-0.000327,-0.000272,-0.000205,0.000348,-0.000858,-0.000629,-0.004916,-0.011646,-0.006327,0.020375,-0.024481,-0.068869,-0.197971,-0.035684,0.213043,0.549683,0.241291,0.705560,0.223607
-0.000632,-0.001266,-0.001616,-0.003132,0.002811,0.001110,-0.003362,0.003276,-0.001512,0.018065,-0.006780,0.133944,0.074767,0.000972,-0.252609,-0.011501,-0.562044,0.110682,0.730725,0.223607
-0.002761,-0.007581,-0.010186,-0.025517,0.024157,0.009173,-0.038573,0.039133,-0.016133,0.000401,0.030094,0.146717,0.117664,0.040219,-0.166894,0.033782,-0.656383,-0.192583,-0.640638,0.223607
-0.010367,-0.033932,-0.045768,-0.116539,0.110751,0.041666,-0.170873,0.168631,-0.068988,-0.057377,0.176509,0.309845,0.468968,0.061220,-0.483189,0.253647,0.432240,-0.132776,0.016456,0.223607
-0.028080,-0.086144,-0.113927,-0.276406,0.257944,0.083067,-0.320985,0.305650,-0.126958,-0.059632,0.246071,0.221233,0.044413,0.080461,0.630687,-0.185902,-0.037492,0.088980,0.057076,0.223607
-0.057434,-0.138190,-0.183374,-0.374857,0.327276,0.052793,-0.164121,0.083128,-0.050304,-0.173124,-0.121711,-0.615447,-0.314884,-0.059062,-0.254793,0.110014,0.006511,-0.062558,0.003097,0.223607
-0.121248,-0.184874,-0.235197,-0.269885,0.174729,-0.078511,0.346687,-0.484824,0.159823,-0.057565,-0.450298,0.159314,0.271975,0.073644,0.198305,-0.018673,0.069097,-0.012810,-0.003518,0.223607
-0.246277,-0.240441,-0.283492,0.066568,-0.229898,-0.229696,0.381086,-0.127365,-0.040516,-0.105736,0.662900,-0.085447,-0.133899,0.007597,0.008656,0.026666,0.031178,-0.019082,0.002478,0.223607
-0.392532,-0.204704,-0.199973,0.379277,-0.416191,-0.081449,-0.206754,0.319681,-0.133551,-0.100337,-0.433959,-0.095525,0.091680,0.033249,0.089925,0.009519,0.042802,-0.022055,0.005166,0.223607
-0.408379,0.127365,0.237383,0.331839,0.164821,0.401097,-0.323265,-0.450131,0.244563,-0.085714,0.166315,-0.068783,-0.023925,0.021895,0.050874,0.017226,0.038458,-0.020090,0.002354,0.223607
-0.307980,0.486165,0.380989,0.040780,0.265480,-0.169383,0.445002,0.244533,-0.291074,-0.101848,-0.070900,-0.075219,0.035775,0.025935,0.070719,0.013363,0.040447,-0.020500,0.003579,0.223607
0.091373,0.586612,-0.104196,-0.253814,-0.364007,-0.406097,-0.286879,-0.107421,0.330383,-0.103691,0.020153,-0.062109,-0.004030,0.032014,0.059417,0.014948,0.040682,-0.019447,0.002731,0.223607
0.369231,0.329128,-0.344452,0.097361,-0.199993,0.513659,0.127851,-0.166367,-0.455301,-0.043972,-0.014728,-0.100752,0.048937,0.008455,0.072169,0.013627,0.037069,-0.022357,0.003963,0.223607
0.425828,-0.004430,-0.165594,0.486772,0.313542,-0.047612,0.171223,0.262788,0.478086,-0.253109,-0.021917,-0.011336,-0.051730,0.066291,0.049699,0.015472,0.045463,-0.015632,0.001218,0.223607
0.343809,-0.201667,0.242010,0.258650,0.148427,-0.488954,-0.259770,-0.334643,-0.397139,0.116932,0.017609,-0.166682,0.120497,-0.040174,0.087182,0.011706,0.030266,-0.027790,0.006183,0.223607
0.229908,-0.282863,0.555734,-0.214726,-0.367252,0.169638,0.091632,0.001732,0.024714,-0.474293,-0.055879,0.091454,-0.166859,0.145276,0.024807,0.016902,0.056427,-0.006692,-0.002209,0.223607
0.084274,-0.109453,0.218229,-0.108612,-0.174543,0.181363,0.151430,0.176346,0.282909,0.435075,0.088383,-0.401101,0.418731,-0.328701,0.168916,0.017732,-0.004026,-0.059323,0.018105,0.223607
0.022670,-0.025283,0.044598,-0.016918,-0.032427,0.039219,0.041174,0.047446,0.057924,0.543468,-0.030193,-0.034654,-0.211874,0.746303,-0.101992,-0.112850,0.099795,0.060505,-0.024380,0.223607
0.006799,-0.006179,0.008147,-0.001126,-0.005022,0.007096,0.012331,0.013110,0.005480,0.313415,-0.102921,0.333894,-0.461761,-0.304524,0.142958,0.630058,0.045636,-0.059147,0.012743,0.223607
0.001634,-0.001609,0.000920,0.000271,-0.000659,0.001468,0.004989,0.004076,-0.001436,0.141693,-0.066508,0.228714,-0.271362,-0.351754,-0.184062,-0.661177,0.162577,-0.421292,0.028593,0.223607
0.000163,-0.000653,-0.000236,0.000015,0.000053,0.000354,0.001176,0.001219,-0.000971,0.047350,-0.032239,0.091938,-0.053082,-0.259317,-0.210777,-0.194559,0.081297,0.853966,-0.223722,0.223607
-0.000778,-0.000898,-0.001051,-0.001157,0.001189,0.007910,-0.005215,0.019703,-0.009709,0.044755,-0.088701,0.025741,-0.244556,0.047584,0.094511,0.020097,0.384494,-0.030165,-0.847783,0.223607
-0.002147,-0.002246,-0.003724,-0.004598,0.008729,0.017461,-0.011782,0.033646,-0.019839,0.086753,-0.188831,0.074503,-0.427003,-0.007456,0.409038,0.175958,0.268927,-0.534696,0.400367,0.223607
-0.006909,-0.009643,-0.015084,-0.016278,0.033452,0.053100,-0.041830,0.079819,-0.053707,0.151510,-0.305768,0.109673,-0.476161,0.080007,0.194124,-0.046458,-0.514752,0.517439,0.016145,0.223607
-0.024991,-0.037558,-0.058352,-0.056089,0.122743,0.158851,-0.140381,0.176726,-0.180678,0.246722,-0.396326,0.146296,0.036172,-0.033503,-0.729065,0.116743,0.040675,-0.159122,0.060102,0.223607
-0.065603,-0.097459,-0.147028,-0.123708,0.277330,0.293456,-0.261568,0.190609,-0.224017,0.081929,-0.084740,0.035132,0.588885,0.077318,0.458368,0.007273,-0.032280,0.017050,-0.044027,0.223607
-0.178080,-0.246352,-0.338412,-0.176882,0.381031,0.176282,-0.158670,-0.118980,0.057462,-0.334818,0.507463,0.015441,-0.293679,0.029369,-0.174950,0.041081,-0.047238,-0.009217,0.036234,0.223607
-0.321131,-0.326023,-0.356525,0.038661,-0.042633,-0.447872,0.253296,-0.400988,0.196693,0.047832,-0.284681,0.073776,0.226337,0.041570,0.023609,0.043200,-0.041595,-0.007054,-0.000726,0.223607
-0.416514,-0.128032,0.066855,0.375565,-0.453812,-0.200480,-0.166867,0.321349,-0.370857,-0.027913,0.303100,0.039784,-0.003791,0.037928,-0.025620,0.032193,-0.045689,-0.006460,0.017795,0.223607
-0.376694,0.223449,0.449076,0.266388,-0.004058,0.351824,-0.184908,-0.301905,0.402455,-0.202263,-0.123532,0.051115,0.095401,0.039100,-0.027912,0.048845,-0.041396,-0.007939,0.008984,0.223607
-0.178030,0.523147,0.251855,-0.166585,0.394591,-0.333295,0.269727,-0.153734,-0.353151,0.126710,0.199762,0.057290,0.039385,0.037807,-0.016956,0.029003,-0.044950,-0.006518,0.011689,0.223607
0.155163,0.534565,-0.340778,-0.159351,-0.191806,-0.311073,-0.322666,0.240060,0.291073,-0.314070,-0.074400,0.034823,0.080562,0.041123,-0.025108,0.050437,-0.041221,-0.007141,0.011254,0.223607
0.373738,0.242569,-0.351969,0.343717,-0.249237,0.301357,0.051073,-0.467806,-0.207208,0.207368,0.193027,0.070076,0.046255,0.036484,-0.018486,0.029621,-0.045611,-0.007325,0.011794,0.223607
0.441575,-0.175460,0.146164,0.555529,0.376571,-0.193686,0.164330,0.185631,-0.001320,-0.368232,-0.079960,0.024875,0.070394,0.037128,-0.024206,0.044946,-0.041849,-0.006743,0.010945,0.223607
0.353361,-0.286959,0.384079,-0.200398,-0.059340,-0.308851,-0.460175,-0.214409,0.157110,0.316245,0.234721,0.098668,0.057613,0.044127,-0.017803,0.035051,-0.043988,-0.007579,0.011993,0.223607
0.160482,-0.148512,0.223779,-0.428786,-0.350542,0.113709,0.175430,-0.190454,-0.364249,-0.533309,-0.179739,-0.081033,0.052414,0.046619,-0.030036,0.040632,-0.041739,-0.006344,0.013129,0.223607
0.057773,-0.045096,0.065101,-0.172831,-0.167523,0.192431,0.502730,0.320415,0.334396,0.109378,0.257776,0.524016,0.116337,-0.078609,0.006232,0.054070,-0.050099,-0.002027,-0.002717,0.223607
0.018379,-0.012599,0.016444,-0.048501,-0.051078,0.085356,0.220506,0.173471,0.200443,0.199902,0.081097,-0.597337,0.015910,0.630798,-0.084746,-0.045124,-0.028750,-0.060674,0.053473,0.223607
0.007751,-0.005036,0.007088,-0.017108,-0.018349,0.029879,0.087213,0.068283,0.093274,0.113018,0.056167,-0.510264,0.035337,-0.642346,0.024283,0.460816,-0.026671,0.153384,-0.006348,0.223607
0.002326,-0.001623,0.002228,-0.006186,-0.005565,0.010223,0.023943,0.029625,0.042139,0.035560,-0.010886,-0.175669,-0.014326,-0.380580,-0.004640,-0.758119,-0.256799,-0.348861,-0.082959,0.223607
0.000330,-0.000235,0.000254,-0.001403,-0.001693,0.003417,0.005813,0.008940,0.009688,0.012924,-0.015550,-0.016908,-0.001488,-0.084468,-0.030637,-0.380265,0.650532,0.519992,0.320657,0.223607
-0.000176,-0.000150,-0.000140,-0.000417,-0.000657,0.003871,0.001996,0.003264,-0.010082,-0.029454,-0.029269,0.144186,0.146913,0.105532,0.017340,0.498957,-0.068913,-0.618474,-0.508052,0.223607
-0.000850,-0.000191,-0.000069,-0.000269,-0.001096,0.010316,0.003549,0.003497,-0.018647,-0.071801,-0.109532,0.102567,0.284823,0.184818,0.005159,0.572342,-0.275813,0.627599,0.094916,0.223607
-0.002486,-0.001187,0.000350,-0.000322,-0.001779,0.028442,0.005073,0.013397,-0.028476,-0.151277,-0.198235,0.054765,0.369782,0.688209,-0.219166,-0.466842,0.018900,-0.078369,0.011797,0.223607
-0.009112,-0.004916,0.004264,-0.000219,-0.006497,0.090837,0.013163,0.035586,-0.036489,-0.285611,-0.490612,-0.122740,0.426945,-0.618784,0.028838,-0.181948,-0.013894,-0.027002,-0.037913,0.223607
-0.030561,-0.021713,0.020845,0.000122,-0.012936,0.259381,0.003658,0.075335,-0.021078,-0.243112,-0.517576,-0.115478,-0.708764,0.159709,0.013450,0.076392,-0.013016,0.014801,-0.000073,0.223607
-0.121952,-0.109787,0.117411,0.013885,-0.004903,0.829698,-0.177356,-0.006850,0.066481,0.326869,0.239287,-0.059701,0.086964,-0.055008,-0.043036,-0.058567,-0.027141,0.018718,-0.011334,0.223607
-0.391403,-0.407613,0.473694,0.053737,0.220661,-0.345733,-0.329537,-0.321942,-0.016236,0.095744,-0.025351,-0.066426,-0.066587,-0.030323,-0.025760,-0.040135,-0.022250,0.014146,-0.010458,0.223607
-0.432386,-0.117762,0.124009,-0.171119,-0.174309,-0.145644,0.567964,0.518303,0.093108,0.186612,0.082152,-0.074971,-0.022526,-0.034431,-0.034716,-0.043547,-0.025254,0.017181,-0.010400,0.223607
-0.359704,0.363998,-0.370518,-0.378268,-0.296043,-0.066256,0.003939,-0.531585,-0.058797,0.131966,0.003607,-0.066734,-0.058196,-0.031813,-0.027321,-0.042364,-0.022712,0.014437,-0.010776,0.223607
-0.134229,0.578391,-0.089306,0.063966,0.458385,-0.149257,-0.383298,0.399885,0.124786,0.135294,0.032463,-0.070822,-0.040292,-0.032733,-0.030915,-0.040401,-0.023973,0.015972,-0.010068,0.223607
0.282085,0.438224,0.473869,0.313256,0.066639,-0.009567,0.447787,-0.303729,-0.135767,0.165908,0.027606,-0.067899,-0.049597,-0.032792,-0.027206,-0.043841,-0.023123,0.015170,-0.010804,0.223607
0.477311,0.028963,0.291126,-0.344083,-0.484493,-0.172768,-0.312844,0.132854,0.339204,0.106922,0.015949,-0.070998,-0.042011,-0.030052,-0.033815,-0.039268,-0.024808,0.015183,-0.009850,0.223607
0.361898,-0.222217,-0.140784,-0.459166,0.349795,-0.051428,0.059241,0.074960,-0.587654,0.211084,0.047850,-0.069704,-0.051330,-0.038532,-0.024983,-0.046560,-0.021971,0.017105,-0.011741,0.223607
0.218993,-0.241193,-0.329761,0.001649,0.384950,-0.046018,0.269620,-0.233910,0.661368,0.045908,0.030778,-0.110120,-0.036658,-0.021807,-0.037301,-0.029752,-0.022610,0.011859,-0.008596,0.223607
0.095155,-0.185565,-0.370989,0.562871,-0.292113,-0.169092,-0.106262,0.075599,-0.141986,0.475127,-0.181794,0.160831,-0.061119,-0.057450,-0.009285,-0.085307,-0.036074,0.023113,-0.008323,0.223607
0.032400,-0.071786,-0.153862,0.268858,-0.163421,-0.066132,-0.065288,0.043645,-0.159108,-0.356917,0.403216,-0.696850,0.016131,0.057893,0.021319,0.067639,0.029853,-0.012385,-0.004296,0.223607
0.010057,-0.018775,-0.038351,0.062083,-0.033679,-0.006979,-0.007156,0.012015,-0.052142,-0.381165,0.340534,0.464336,-0.193689,-0.232966,-0.586233,-0.095348,-0.104373,0.069470,-0.054750,0.223607
0.003638,-0.005258,-0.009375,0.011662,-0.006221,0.001811,0.001677,0.004818,-0.008932,-0.223461,0.228263,0.310134,-0.073931,0.018459,0.742523,-0.278958,-0.334936,0.022038,-0.061095,0.223607
0.001040,-0.001131,-0.001857,0.001584,-0.001310,0.002349,0.002318,0.002603,-0.001121,-0.080981,0.066583,0.201241,0.019876,0.012280,0.202648,0.059897,0.877473,0.232312,-0.171332,0.223607
0.000283,-0.000331,-0.000555,0.000190,-0.000972,0.002169,0.001756,0.002254,-0.008431,-0.057655,0.034079,0.154383,0.053265,-0.010211,0.068460,0.217612,0.134636,-0.392873,0.833148,0.223607
